,000300.SH,000905.SH
2010-01-04,3535.229,4510.527
2010-01-05,3564.038,4557.475
2010-01-06,3541.727,4550.279
2010-01-07,3471.456,4459.155
2010-01-08,3480.13,4514.452
2010-01-11,3482.052,4542.949
2010-01-12,3534.916,4639.632
2010-01-13,3421.144,4591.024
2010-01-14,3469.051,4714.1
2010-01-15,3482.738,4747.648
2010-01-18,3500.684,4829.062
2010-01-19,3507.482,4830.016
2010-01-20,3394.434,4651.074
2010-01-21,3408.574,4667.209
2010-01-22,3366.197,4537.88
2010-01-25,3328.014,4481.16
2010-01-26,3242.797,4294.383
2010-01-27,3198.566,4267.113
2010-01-28,3206.57,4336.381
2010-01-29,3204.155,4374.649
2010-02-01,3152.707,4331.366
2010-02-02,3146.189,4301.768
2010-02-03,3230.715,4363.079
2010-02-04,3218.802,4408.441
2010-02-05,3153.087,4311.293
2010-02-08,3150.988,4310.894
2010-02-09,3169.19,4311.891
2010-02-10,3214.13,4366.25
2010-02-11,3220.398,4356.517
2010-02-12,3251.278,4416.219
2010-02-22,3233.345,4419.547
2010-02-23,3198.634,4459.155
2010-02-24,3244.483,4556.281
2010-02-25,3292.128,4629.965
2010-02-26,3281.666,4634.671
2010-03-01,3324.423,4686.266
2010-03-02,3311.236,4690.293
2010-03-03,3335.081,4758.434
2010-03-04,3250.573,4586.523
2010-03-05,3259.764,4604.586
2010-03-08,3286.178,4654.583
2010-03-09,3305.863,4660.126
2010-03-10,3279.694,4598.994
2010-03-11,3276.705,4562.872
2010-03-12,3233.126,4492.861
2010-03-15,3183.183,4454.76
2010-03-16,3203.971,4491.465
2010-03-17,3273.916,4616.053
2010-03-18,3267.555,4630.953
2010-03-19,3293.871,4663.903
2010-03-22,3302.628,4690.198
2010-03-23,3275.573,4658.626
2010-03-24,3276.669,4683.065
2010-03-25,3229.128,4620.749
2010-03-26,3275.002,4686.931
2010-03-29,3358.54,4723.611
2010-03-30,3366.708,4744.423
2010-03-31,3345.607,4756.157
2010-04-01,3391.935,4827.214
2010-04-02,3407.346,4843.175
2010-04-06,3405.145,4852.904
2010-04-07,3386.949,4863.639
2010-04-08,3346.744,4864.922
2010-04-09,3379.17,4939.176
2010-04-12,3351.478,4976.38
2010-04-13,3391.716,4919.873
2010-04-14,3403.707,4977.508
2010-04-15,3394.574,4914.747
2010-04-16,3356.332,4898.67
2010-04-19,3176.423,4688.836
2010-04-20,3173.374,4749.934
2010-04-21,3236.679,4893.978
2010-04-22,3201.541,4902.405
2010-04-23,3190.003,4864.164
2010-04-26,3171.997,4866.553
2010-04-27,3108.409,4739.269
2010-04-28,3097.353,4714.432
2010-04-29,3060.064,4561.4
2010-04-30,3067.365,4438.681
2010-05-04,3019.449,4434.131
2010-05-05,3036.394,4564.807
2010-05-06,2896.856,4419.781
2010-05-07,2836.789,4350.758
2010-05-10,2858.233,4269.108
2010-05-11,2800.817,4144.352
2010-05-12,2818.16,4042.516
2010-05-13,2886.911,4157.842
2010-05-14,2868.023,4184.841
2010-05-17,2714.715,3915.752
2010-05-18,2771.348,3972.154
2010-05-19,2762.174,3977.377
2010-05-20,2726.022,3901.257
2010-05-21,2768.791,3982.385
2010-05-24,2873.469,4163.477
2010-05-25,2813.943,4133.346
2010-05-26,2813.944,4144.662
2010-05-27,2859.979,4218.637
2010-05-28,2850.302,4235.322
2010-05-31,2773.264,4104.364
2010-06-01,2744.162,4025.789
2010-06-02,2757.527,4083.616
2010-06-03,2736.076,4053.985
2010-06-04,2744.391,4089.035
2010-06-07,2695.715,4072.568
2010-06-08,2699.336,4109.317
2010-06-09,2782.133,4211.881
2010-06-10,2750.023,4223.566
2010-06-11,2758.866,4197.995
2010-06-17,2742.733,4145.243
2010-06-18,2696.166,3972.286
2010-06-21,2780.663,4087.017
2010-06-22,2783.72,4119.722
2010-06-23,2758.495,4094.568
2010-06-24,2757.498,4095.295
2010-06-25,2736.287,4028.433
2010-06-28,2716.777,3961.382
2010-06-29,2592.019,3736.982
2010-06-30,2563.07,3664.464
2010-07-01,2526.071,3606.593
2010-07-02,2534.105,3585.576
2010-07-05,2512.651,3563.882
2010-07-06,2562.902,3665.334
2010-07-07,2580.477,3718.662
2010-07-08,2575.921,3698.342
2010-07-09,2647.104,3807.604
2010-07-12,2676.218,3849.52
2010-07-13,2634.593,3788.751
2010-07-14,2653.609,3824.046
2010-07-15,2608.519,3735.395
2010-07-16,2616.128,3757.432
2010-07-19,2682.472,3842.313
2010-07-20,2741.503,3951.358
2010-07-21,2747.335,3959.427
2010-07-22,2781.286,4017.864
2010-07-23,2793.076,4015.467
2010-07-26,2811.055,4071.094
2010-07-27,2795.724,4068.864
2010-07-28,2863.724,4162.321
2010-07-29,2877.976,4194.04
2010-07-30,2868.846,4191.13
2010-08-02,2917.275,4267.895
2010-08-03,2865.971,4193.641
2010-08-04,2876.434,4248.014
2010-08-05,2850.829,4267.955
2010-08-06,2897.659,4356.012
2010-08-09,2918.241,4413.568
2010-08-10,2832.638,4246.46
2010-08-11,2850.211,4297.904
2010-08-12,2816.386,4241.592
2010-08-13,2855.547,4323.052
2010-08-16,2922.083,4423.315
2010-08-17,2942.291,4457.759
2010-08-18,2937.362,4457.127
2010-08-19,2955.395,4461.488
2010-08-20,2898.333,4366.604
2010-08-23,2896.192,4404.718
2010-08-24,2911.827,4456.497
2010-08-25,2843.023,4368.304
2010-08-26,2850.093,4399.284
2010-08-27,2858.566,4431.444
2010-08-30,2915.01,4553.023
2010-08-31,2903.188,4589.289
2010-09-01,2884.042,4530.229
2010-09-02,2921.393,4625.395
2010-09-03,2920.205,4662.96
2010-09-06,2975.09,4651.963
2010-09-07,2983.108,4679.942
2010-09-08,2980.967,4720.375
2010-09-09,2926.46,4658.009
2010-09-10,2932.554,4705.31
2010-09-13,2962.319,4789.693
2010-09-14,2965.009,4805.416
2010-09-15,2913.194,4730.143
2010-09-16,2857.789,4610.916
2010-09-17,2861.369,4603.489
2010-09-20,2849.828,4553.12
2010-09-21,2857.476,4546.724
2010-09-27,2905.029,4673.602
2010-09-28,2880.907,4654.345
2010-09-29,2874.812,4590.317
2010-09-30,2935.574,4660.605
2010-10-08,3044.233,4767.967
2010-10-11,3132.895,4789.155
2010-10-12,3172.726,4806.029
2010-10-13,3217.577,4836.737
2010-10-14,3224.14,4679.548
2010-10-15,3327.683,4691.45
2010-10-18,3306.16,4636.639
2010-10-19,3375.674,4778.607
2010-10-20,3396.879,4794.194
2010-10-21,3374.685,4833.8
2010-10-22,3378.655,4877.927
2010-10-25,3481.081,4998.5
2010-10-26,3466.084,5046.148
2010-10-27,3403.872,4994.774
2010-10-28,3397.692,4999.59
2010-10-29,3379.983,5055.492
2010-11-01,3472.995,5199.525
2010-11-02,3463.131,5173.066
2010-11-03,3420.341,5098.539
2010-11-04,3480.505,5228.296
2010-11-05,3520.798,5311.77
2010-11-08,3548.566,5431.091
2010-11-09,3523.954,5467.839
2010-11-10,3499.111,5484.742
2010-11-11,3509.975,5440.099
2010-11-12,3291.833,5111.189
2010-11-15,3314.893,5255.267
2010-11-16,3169.538,5068.465
2010-11-17,3103.906,4855.85
2010-11-18,3147.962,4932.401
2010-11-19,3178.846,5081.03
2010-11-22,3171.941,5150.665
2010-11-23,3107.176,5063.237
2010-11-24,3177.043,5206.149
2010-11-25,3223.484,5259.81
2010-11-26,3194.853,5227.648
2010-11-29,3190.05,5248.747
2010-11-30,3136.985,5110.875
2010-12-01,3136.024,5116.837
2010-12-02,3155.059,5138.487
2010-12-03,3158.156,5100.366
2010-12-06,3165.57,5016.528
2010-12-07,3200.339,5084.583
2010-12-08,3171.882,5069.97
2010-12-09,3123.366,4964.901
2010-12-10,3161.977,5039.165
2010-12-13,3261.061,5179.021
2010-12-14,3269.474,5244.038
2010-12-15,3247.644,5230.68
2010-12-16,3230.665,5216.851
2010-12-17,3225.661,5228.337
2010-12-20,3178.657,5163.529
2010-12-21,3249.509,5222.792
2010-12-22,3215.453,5174.539
2010-12-23,3188.607,5069.523
2010-12-24,3162.955,4991.544
2010-12-27,3099.709,4849.63
2010-12-28,3044.931,4730.497
2010-12-29,3061.83,4812.532
2010-12-30,3064.098,4828.489
2010-12-31,3128.261,4936.716
2011-01-04,3189.682,5011.498
2011-01-05,3175.662,5028.766
2011-01-06,3159.643,5001.283
2011-01-07,3166.624,4975.144
2011-01-10,3108.187,4830.562
2011-01-11,3124.922,4804.822
2011-01-12,3142.337,4833.58
2011-01-13,3141.284,4826.757
2011-01-14,3091.862,4723.426
2011-01-17,2974.35,4519.913
2011-01-18,2977.648,4536.964
2011-01-19,3044.851,4646.087
2011-01-20,2944.713,4477.359
2011-01-21,2983.456,4506.322
2011-01-24,2954.232,4398.495
2011-01-25,2938.654,4341.909
2011-01-26,2978.431,4424.892
2011-01-27,3026.466,4502.808
2011-01-28,3036.735,4548.206
2011-01-31,3076.508,4610.86
2011-02-01,3077.283,4630.58
2011-02-09,3040.949,4609.717
2011-02-10,3104.163,4733.973
2011-02-11,3120.956,4786.806
2011-02-14,3219.143,4872.495
2011-02-15,3217.671,4869.687
2011-02-16,3248.527,4952.667
2011-02-17,3245.907,4987.48
2011-02-18,3211.876,4941.432
2011-02-21,3257.908,5042.967
2011-02-22,3163.578,4909.745
2011-02-23,3174.742,4979.057
2011-02-24,3190.935,5027.731
2011-02-25,3197.617,5032.797
2011-02-28,3239.559,5095.208
2011-03-01,3254.893,5122.441
2011-03-02,3243.298,5108.74
2011-03-03,3221.718,5009.047
2011-03-04,3270.666,5067.621
2011-03-07,3334.51,5138.248
2011-03-08,3337.457,5165.735
2011-03-09,3338.858,5181.368
2011-03-10,3280.259,5143.413
2011-03-11,3247.376,5139.746
2011-03-14,3262.92,5190.037
2011-03-15,3203.961,5131.332
2011-03-16,3248.195,5199.358
2011-03-17,3197.1,5104.134
2011-03-18,3215.685,5126.934
2011-03-21,3207.11,5086.108
2011-03-22,3222.961,5085.812
2011-03-23,3264.926,5155.337
2011-03-24,3251.361,5169.264
2011-03-25,3294.484,5212.345
2011-03-28,3290.571,5199.552
2011-03-29,3257.979,5111.153
2011-03-30,3256.08,5064.545
2011-03-31,3223.288,5000.402
2011-04-01,3272.729,5065.076
2011-04-06,3311.067,5057.84
2011-04-07,3324.419,5089.751
2011-04-08,3353.358,5148.799
2011-04-11,3333.427,5107.137
2011-04-12,3326.771,5114.459
2011-04-13,3372.031,5165.207
2011-04-14,3353.56,5150.869
2011-04-15,3358.944,5162.415
2011-04-18,3359.438,5178.894
2011-04-19,3295.812,5116.144
2011-04-20,3295.758,5152.395
2011-04-21,3317.367,5188.111
2011-04-22,3299.942,5165.123
2011-04-25,3249.574,5054.768
2011-04-26,3230.96,4970.572
2011-04-27,3209.503,4913.497
2011-04-28,3161.776,4755.416
2011-04-29,3192.723,4836.866
2011-05-03,3211.132,4920.57
2011-05-04,3129.028,4814.781
2011-05-05,3126.117,4827.212
2011-05-06,3121.396,4849.969
2011-05-09,3129.759,4889.92
2011-05-10,3153.221,4918.674
2011-05-11,3145.085,4929.488
2011-05-12,3101.603,4863.795
2011-05-13,3128.093,4902.564
2011-05-16,3100.463,4900.706
2011-05-17,3116.028,4873.954
2011-05-18,3139.379,4906.189
2011-05-19,3120.639,4879.892
2011-05-20,3121.596,4863.185
2011-05-23,3022.98,4679.527
2011-05-24,3026.223,4672.076
2011-05-25,2990.343,4618.748
2011-05-26,2978.381,4572.942
2011-05-27,2963.308,4428.894
2011-05-30,2954.506,4345.048
2011-05-31,3001.556,4444.276
2011-06-01,3004.173,4490.892
2011-06-02,2955.705,4429.999
2011-06-03,2986.349,4506.196
2011-06-07,3004.262,4547.303
2011-06-08,3008.652,4562.972
2011-06-09,2951.889,4456.73
2011-06-10,2961.932,4469.049
2011-06-13,2950.348,4468.787
2011-06-14,2993.559,4540.939
2011-06-15,2963.119,4499.694
2011-06-16,2917.578,4402.143
2011-06-17,2892.157,4337.367
2011-06-20,2874.896,4278.753
2011-06-21,2909.073,4338.422
2011-06-22,2908.582,4321.219
2011-06-23,2957.629,4402.938
2011-06-24,3027.47,4509.18
2011-06-27,3036.491,4568.189
2011-06-28,3041.734,4574.477
2011-06-29,3000.169,4511.545
2011-06-30,3044.089,4579.332
2011-07-01,3049.745,4604.746
2011-07-04,3121.98,4719.391
2011-07-05,3122.5,4749.424
2011-07-06,3113.712,4760.917
2011-07-07,3101.68,4761.452
2011-07-08,3109.183,4756.614
2011-07-11,3113.206,4799.42
2011-07-12,3056.905,4731.118
2011-07-13,3106.247,4825.419
2011-07-14,3115.745,4866.165
2011-07-15,3128.889,4896.043
2011-07-18,3122.6,4895.26
2011-07-19,3095.125,4843.705
2011-07-20,3091.567,4849.057
2011-07-21,3059.139,4784.388
2011-07-22,3067.985,4800.938
2011-07-25,2968.289,4613.73
2011-07-26,2977.766,4633.372
2011-07-27,3000.052,4710.379
2011-07-28,2981.002,4680.898
2011-07-29,2972.079,4628.32
2011-08-01,2977.721,4644.462
2011-08-02,2956.383,4610.783
2011-08-03,2954.87,4625.173
2011-08-04,2960.309,4649.425
2011-08-05,2897.417,4559.018
2011-08-08,2793.897,4330.771
2011-08-09,2798.19,4317.107
2011-08-10,2824.12,4378.698
2011-08-11,2866.924,4454.394
2011-08-12,2875.365,4505.886
2011-08-15,2917.883,4571.719
2011-08-16,2897.581,4533.321
2011-08-17,2886.013,4513.485
2011-08-18,2834.254,4436.101
2011-08-19,2807.664,4395.019
2011-08-22,2777.787,4363.959
2011-08-23,2821.003,4434.922
2011-08-24,2810.016,4427.978
2011-08-25,2903.837,4520.171
2011-08-26,2901.216,4530.423
2011-08-29,2852.809,4490.158
2011-08-30,2841.74,4451.726
2011-08-31,2846.776,4430.538
2011-09-01,2834.535,4395.069
2011-09-02,2803.854,4344.977
2011-09-05,2743.817,4238.069
2011-09-06,2723.303,4204.908
2011-09-07,2779.09,4306.361
2011-09-08,2756.105,4260.155
2011-09-09,2751.095,4233.748
2011-09-13,2720.283,4164.288
2011-09-14,2733.108,4212.129
2011-09-15,2729.051,4215.5
2011-09-16,2733.987,4214.816
2011-09-19,2679.27,4131.885
2011-09-20,2689.845,4151.851
2011-09-21,2771.011,4275.094
2011-09-22,2685.688,4151.8
2011-09-23,2669.478,4117.735
2011-09-26,2610.919,4051.425
2011-09-27,2637.879,4068.231
2011-09-28,2610.59,3999.782
2011-09-29,2588.185,3871.06
2011-09-30,2581.351,3856.828
2011-10-10,2557.082,3832.577
2011-10-11,2551.994,3817.927
2011-10-12,2644.758,3950.655
2011-10-13,2662.601,4001.853
2011-10-14,2653.782,3985.193
2011-10-17,2666.951,3997.121
2011-10-18,2592.209,3877.024
2011-10-19,2583.081,3854.169
2011-10-20,2520.532,3740.469
2011-10-21,2507.877,3671.695
2011-10-24,2576.669,3736.765
2011-10-25,2625.425,3842.978
2011-10-26,2651.652,3884.39
2011-10-27,2657.478,3888.992
2011-10-28,2709.017,3978.8
2011-10-31,2695.307,3999.362
2011-11-01,2697.534,3999.831
2011-11-02,2742.39,4072.781
2011-11-03,2744.301,4097.618
2011-11-04,2763.746,4131.13
2011-11-07,2736.248,4114.767
2011-11-08,2727.71,4057.555
2011-11-09,2751.654,4126.003
2011-11-10,2699.588,4064.371
2011-11-11,2695.002,4062.144
2011-11-14,2750.195,4159.567
2011-11-15,2744.68,4192.665
2011-11-16,2670.116,4088.323
2011-11-17,2662.017,4079.536
2011-11-18,2606.495,3963.258
2011-11-21,2609.687,3966.636
2011-11-22,2609.475,3957.93
2011-11-23,2584.011,3942.695
2011-11-24,2588.915,3935.273
2011-11-25,2569.973,3911.356
2011-11-28,2573.321,3915.298
2011-11-29,2608.569,3980.618
2011-11-30,2521.52,3819.942
2011-12-01,2583.613,3897.019
2011-12-02,2557.311,3817.041
2011-12-05,2521.385,3692.227
2011-12-06,2516.341,3691.804
2011-12-07,2528.228,3702.103
2011-12-08,2525.001,3700.089
2011-12-09,2503.461,3663.843
2011-12-12,2477.692,3616.087
2011-12-13,2421.928,3490.4
2011-12-14,2397.48,3423.474
2011-12-15,2340.788,3329.575
2011-12-16,2390.129,3427.214
2011-12-19,2384.408,3434.845
2011-12-20,2377.073,3424.448
2011-12-21,2339.108,3342.401
2011-12-22,2341.335,3298.724
2011-12-23,2359.159,3327.394
2011-12-26,2335.702,3308.072
2011-12-27,2305.035,3224.148
2011-12-28,2307.928,3207.399
2011-12-29,2311.361,3207.181
2011-12-30,2345.742,3266.775
2012-01-04,2298.753,3192.234
2012-01-05,2276.385,3074.368
2012-01-06,2290.601,3087.546
2012-01-09,2368.57,3212.904
2012-01-10,2447.349,3345.391
2012-01-11,2435.608,3346.742
2012-01-12,2435.219,3345.812
2012-01-13,2394.334,3233.701
2012-01-16,2345.649,3130.558
2012-01-17,2460.601,3304.88
2012-01-18,2422.189,3237.852
2012-01-19,2468.35,3270.765
2012-01-20,2504.086,3315.603
2012-01-30,2460.72,3292.409
2012-01-31,2464.26,3294.494
2012-02-01,2428.994,3266.234
2012-02-02,2486.238,3328.153
2012-02-03,2506.09,3383.05
2012-02-06,2504.322,3412.405
2012-02-07,2457.954,3356.838
2012-02-08,2528.236,3445.52
2012-02-09,2529.231,3469.846
2012-02-10,2533.624,3488.229
2012-02-13,2531.981,3519.875
2012-02-14,2522.107,3524.625
2012-02-15,2549.607,3578.149
2012-02-16,2536.074,3577.202
2012-02-17,2537.086,3565.306
2012-02-20,2540.706,3574.458
2012-02-21,2562.453,3618.302
2012-02-22,2597.476,3689.004
2012-02-23,2606.256,3700.888
2012-02-24,2648.017,3756.825
2012-02-27,2656.573,3764.326
2012-02-28,2662.463,3745.58
2012-02-29,2634.143,3696.144
2012-03-01,2633.345,3715.673
2012-03-02,2679.934,3794.416
2012-03-05,2662.698,3798.377
2012-03-06,2621.052,3760.585
2012-03-07,2603.005,3732.707
2012-03-08,2635.791,3791.827
2012-03-09,2664.302,3848.108
2012-03-12,2654.402,3871.12
2012-03-13,2681.073,3910.064
2012-03-14,2605.106,3734.317
2012-03-15,2585.546,3689.014
2012-03-16,2623.52,3786.617
2012-03-19,2630.013,3829.696
2012-03-20,2584.445,3746.284
2012-03-21,2587.793,3760.047
2012-03-22,2583.747,3742.388
2012-03-23,2552.94,3670.129
2012-03-26,2555.442,3666.279
2012-03-27,2547.143,3652.876
2012-03-28,2474.9,3490.007
2012-03-29,2443.122,3425.702
2012-03-30,2454.899,3416.856
2012-04-05,2512.832,3531.549
2012-04-06,2519.83,3554.027
2012-04-09,2495.146,3512.914
2012-04-10,2519.788,3554.038
2012-04-11,2520.036,3566.476
2012-04-12,2570.436,3640.407
2012-04-13,2580.454,3675.028
2012-04-16,2574.044,3685.481
2012-04-17,2541.883,3631.556
2012-04-18,2599.908,3714.02
2012-04-19,2596.056,3704.705
2012-04-20,2626.839,3736.365
2012-04-23,2606.038,3691.574
2012-04-24,2604.866,3666.395
2012-04-25,2625.99,3718.911
2012-04-26,2631.487,3700.028
2012-04-27,2626.157,3664.638
2012-05-02,2683.487,3718.259
2012-05-03,2691.518,3733.816
2012-05-04,2715.879,3758.004
2012-05-07,2717.778,3784.556
2012-05-08,2709.116,3783.472
2012-05-09,2657.514,3717.47
2012-05-10,2657.214,3731.131
2012-05-11,2636.917,3715.385
2012-05-14,2615.534,3710.097
2012-05-15,2617.374,3705.883
2012-05-16,2574.647,3660.312
2012-05-17,2613.942,3714.186
2012-05-18,2573.976,3655.858
2012-05-21,2587.231,3653.546
2012-05-22,2627.525,3711.055
2012-05-23,2616.869,3708.919
2012-05-24,2595.26,3678.093
2012-05-25,2573.103,3635.516
2012-05-28,2614.689,3687.455
2012-05-29,2650.854,3745.678
2012-05-30,2642.258,3752.219
2012-05-31,2632.042,3753.593
2012-06-01,2632.998,3744.437
2012-06-04,2559.026,3621.808
2012-06-05,2558.842,3617.614
2012-06-06,2557.401,3600.163
2012-06-07,2542.184,3581.137
2012-06-08,2524.329,3564.158
2012-06-11,2558.265,3630.314
2012-06-12,2540.178,3608.391
2012-06-13,2580.636,3674.875
2012-06-14,2560.421,3652.705
2012-06-15,2568.054,3648.994
2012-06-18,2581.212,3684.727
2012-06-19,2558.621,3657.958
2012-06-20,2552.611,3636.09
2012-06-21,2512.185,3590.837
2012-06-25,2456.518,3493.116
2012-06-26,2454.915,3489.972
2012-06-27,2447.195,3476.403
2012-06-28,2425.729,3427.819
2012-06-29,2461.612,3470.965
2012-07-02,2465.238,3509.503
2012-07-03,2468.721,3515.778
2012-07-04,2464.919,3497.748
2012-07-05,2430.37,3418.202
2012-07-06,2472.614,3486.546
2012-07-09,2416.036,3398.805
2012-07-10,2406.706,3365.665
2012-07-11,2425.572,3404.104
2012-07-12,2449.181,3450.302
2012-07-13,2450.633,3435.084
2012-07-16,2399.731,3311.089
2012-07-17,2414.201,3334.286
2012-07-18,2414.335,3352.848
2012-07-19,2424.322,3392.656
2012-07-20,2398.455,3369.913
2012-07-23,2365.431,3337.856
2012-07-24,2375.992,3361.09
2012-07-25,2360.083,3332.085
2012-07-26,2347.488,3302.336
2012-07-27,2349.108,3283.592
2012-07-30,2335.793,3217.452
2012-07-31,2332.922,3159.192
2012-08-01,2358.651,3216.184
2012-08-02,2334.882,3195.863
2012-08-03,2353.737,3259.856
2012-08-06,2385.611,3337.267
2012-08-07,2388.873,3368.252
2012-08-08,2389.795,3356.485
2012-08-09,2411.7,3405.058
2012-08-10,2399.751,3395.849
2012-08-13,2351.931,3318.1
2012-08-14,2357.016,3349.585
2012-08-15,2331.615,3310.839
2012-08-16,2319.67,3286.828
2012-08-17,2313.476,3286.778
2012-08-20,2301.788,3289.439
2012-08-21,2313.703,3335.753
2012-08-22,2295.586,3306.111
2012-08-23,2302.199,3327.99
2012-08-24,2275.677,3265.749
2012-08-27,2228.204,3184.331
2012-08-28,2238.411,3200.993
2012-08-29,2214.814,3179.54
2012-08-30,2211.37,3129.495
2012-08-31,2204.868,3139.5
2012-09-03,2228.369,3200.306
2012-09-04,2204.407,3164.826
2012-09-05,2199.875,3181.8
2012-09-06,2217.823,3217.936
2012-09-07,2317.179,3334.66
2012-09-10,2326.666,3363.605
2012-09-11,2311.89,3350.088
2012-09-12,2320.071,3376.122
2012-09-13,2298.461,3329.299
2012-09-14,2315.542,3338.038
2012-09-17,2258.705,3237.704
2012-09-18,2235.239,3224.259
2012-09-19,2246.236,3255.866
2012-09-20,2195.951,3161.763
2012-09-21,2199.063,3143.71
2012-09-24,2215.516,3167.161
2012-09-25,2210.154,3144.408
2012-09-26,2184.891,3071.989
2012-09-27,2251.717,3141.082
2012-09-28,2293.106,3199.752
2012-10-08,2270.054,3183.365
2012-10-09,2320.157,3265.617
2012-10-10,2324.117,3296.923
2012-10-11,2302.533,3248.045
2012-10-12,2304.531,3240.399
2012-10-15,2294.857,3223.189
2012-10-16,2298.162,3233.229
2012-10-17,2300.803,3240.778
2012-10-18,2336.077,3294.835
2012-10-19,2332.47,3285.445
2012-10-22,2341.592,3298.488
2012-10-23,2312.077,3259.067
2012-10-24,2307.779,3257.921
2012-10-25,2291.239,3226.172
2012-10-26,2247.907,3163.295
2012-10-29,2235.854,3158.943
2012-10-30,2239.882,3160.687
2012-10-31,2254.82,3168.097
2012-11-01,2297.884,3228.19
2012-11-02,2306.774,3249.552
2012-11-05,2301.88,3235.352
2012-11-06,2292.206,3213.26
2012-11-07,2287.505,3209.141
2012-11-08,2245.405,3129.568
2012-11-09,2240.924,3116.978
2012-11-12,2251.848,3136.308
2012-11-13,2212.44,3072.121
2012-11-14,2223.11,3081.254
2012-11-15,2193.623,3026.844
2012-11-16,2177.24,3009.153
2012-11-19,2174.985,3016.159
2012-11-20,2164.881,3004.183
2012-11-21,2194.896,3035.282
2012-11-22,2177.546,2995.093
2012-11-23,2192.676,3005.459
2012-11-26,2175.599,2970.323
2012-11-27,2150.638,2864.169
2012-11-28,2129.161,2800.537
2012-11-29,2115.676,2774.176
2012-11-30,2139.661,2816.624
2012-12-03,2108.85,2749.134
2012-12-04,2131.473,2783.412
2012-12-05,2207.878,2886.186
2012-12-06,2203.602,2884.348
2012-12-07,2246.757,2950.193
2012-12-10,2271.046,3002.231
2012-12-11,2258.5,2982.027
2012-12-12,2267.767,2982.885
2012-12-13,2242.635,2943.276
2012-12-14,2355.865,3066.231
2012-12-17,2366.7,3091.875
2012-12-18,2368.12,3086.584
2012-12-19,2371.109,3099.092
2012-12-20,2384.816,3108.86
2012-12-21,2372.002,3101.074
2012-12-24,2381.217,3117.698
2012-12-25,2448.395,3189.088
2012-12-26,2457.619,3228.675
2012-12-27,2444.594,3199.481
2012-12-28,2480.049,3235.195
2012-12-31,2522.952,3275.86
2013-01-04,2524.409,3258.251
2013-01-07,2535.985,3288.369
2013-01-08,2525.33,3327.04
2013-01-09,2526.126,3334.987
2013-01-10,2530.569,3356.35
2013-01-11,2483.23,3271.179
2013-01-14,2577.725,3384.745
2013-01-15,2595.856,3450.682
2013-01-16,2577.092,3450.56
2013-01-17,2552.758,3408.022
2013-01-18,2595.439,3464.645
2013-01-21,2610.898,3491.122
2013-01-22,2596.898,3435.434
2013-01-23,2607.456,3441.745
2013-01-24,2582.755,3369.732
2013-01-25,2571.674,3364.061
2013-01-28,2651.863,3449.794
2013-01-29,2675.866,3482.519
2013-01-30,2688.711,3500.578
2013-01-31,2686.882,3479.638
2013-02-01,2743.324,3507.709
2013-02-04,2748.028,3484.362
2013-02-05,2771.675,3520.646
2013-02-06,2775.844,3544.385
2013-02-07,2759.87,3557.667
2013-02-08,2771.725,3608.589
2013-02-18,2737.471,3627.776
2013-02-19,2685.606,3561.357
2013-02-20,2702.635,3635.375
2013-02-21,2610.549,3560.317
2013-02-22,2596.604,3548.358
2013-02-25,2604.96,3587.587
2013-02-26,2567.595,3533.204
2013-02-27,2594.677,3535.896
2013-02-28,2673.327,3608.199
2013-03-01,2668.836,3648.422
2013-03-04,2545.715,3518.717
2013-03-05,2622.807,3597.922
2013-03-06,2650.202,3653.934
2013-03-07,2619.479,3609.64
2013-03-08,2606.927,3570.38
2013-03-11,2592.372,3571.105
2013-03-12,2555.615,3481.175
2013-03-13,2527.486,3449.35
2013-03-14,2534.273,3464.854
2013-03-15,2539.873,3471.214
2013-03-18,2502.493,3427.12
2013-03-19,2525.097,3438.072
2013-03-20,2610.174,3527.772
2013-03-21,2614.988,3565.02
2013-03-22,2618.308,3579.92
2013-03-25,2613.097,3568.523
2013-03-26,2575.05,3543.812
2013-03-27,2583.53,3552.257
2013-03-28,2499.302,3448.977
2013-03-29,2495.083,3447.285
2013-04-01,2493.187,3470.96
2013-04-02,2486.391,3428.5
2013-04-03,2483.547,3397.232
2013-04-08,2472.299,3411.13
2013-04-09,2489.43,3444.371
2013-04-10,2485.309,3437.267
2013-04-11,2477.876,3423.217
2013-04-12,2462.112,3394.517
2013-04-15,2436.818,3346.851
2013-04-16,2459.592,3383.081
2013-04-17,2458.473,3412.416
2013-04-18,2464.851,3423.012
2013-04-19,2533.827,3495.242
2013-04-22,2530.67,3511.624
2013-04-23,2449.471,3416.449
2013-04-24,2495.579,3484.568
2013-04-25,2467.875,3431.401
2013-04-26,2447.306,3367.766
2013-05-02,2449.639,3383.398
2013-05-03,2492.912,3448.64
2013-05-06,2525.983,3514.457
2013-05-07,2529.938,3521.477
2013-05-08,2542.798,3553.848
2013-05-09,2527.794,3555.769
2013-05-10,2540.836,3577.327
2013-05-13,2530.768,3590.758
2013-05-14,2493.338,3549.303
2013-05-15,2506.925,3597.106
2013-05-16,2552.709,3635.755
2013-05-17,2592.048,3691.399
2013-05-20,2609.607,3737.748
2013-05-21,2614.853,3787.059
2013-05-22,2618.034,3755.874
2013-05-23,2582.849,3724.229
2013-05-24,2597.228,3782.071
2013-05-27,2599.587,3820.427
2013-05-28,2644.359,3827.782
2013-05-29,2642.561,3856.319
2013-05-30,2634.323,3865.134
2013-05-31,2606.426,3841.218
2013-06-03,2602.623,3814.51
2013-06-04,2565.666,3739.724
2013-06-05,2560.539,3755.148
2013-06-06,2527.845,3688.736
2013-06-07,2484.16,3616.21
2013-06-13,2399.937,3515.05
2013-06-14,2416.771,3584.978
2013-06-17,2403.839,3593.371
2013-06-18,2418.745,3605.758
2013-06-19,2400.765,3583.298
2013-06-20,2321.466,3465.004
2013-06-21,2317.394,3446.483
2013-06-24,2171.21,3232.962
2013-06-25,2165.421,3219.134
2013-06-26,2168.297,3285.818
2013-06-27,2160.735,3233.222
2013-06-28,2200.639,3235.978
2013-07-01,2213.317,3304.591
2013-07-02,2221.984,3359.053
2013-07-03,2203.828,3364.184
2013-07-04,2221.979,3390.488
2013-07-05,2226.849,3371.529
2013-07-08,2163.619,3240.477
2013-07-09,2162.669,3259.911
2013-07-10,2224.065,3361.395
2013-07-11,2326.688,3455.884
2013-07-12,2275.373,3425.135
2013-07-15,2307.297,3493.441
2013-07-16,2317.848,3536.313
2013-07-17,2282.836,3485.074
2013-07-18,2245.328,3481.201
2013-07-19,2190.478,3394.306
2013-07-22,2202.189,3461.281
2013-07-23,2265.845,3544.966
2013-07-24,2249.151,3566.282
2013-07-25,2237.683,3498.242
2013-07-26,2224.008,3494.159
2013-07-29,2175.97,3426.593
2013-07-30,2189.388,3411.219
2013-07-31,2193.021,3430.743
2013-08-01,2245.364,3521.152
2013-08-02,2247.263,3533.609
2013-08-05,2278.329,3592.538
2013-08-06,2293.641,3631.124
2013-08-07,2280.623,3596.318
2013-08-08,2276.782,3605.85
2013-08-09,2286.01,3618.744
2013-08-12,2352.794,3676.195
2013-08-13,2359.068,3695.552
2013-08-14,2349.08,3681.082
2013-08-15,2321.576,3631.321
2013-08-16,2304.144,3554.348
2013-08-19,2331.43,3609.028
2013-08-20,2312.465,3599.637
2013-08-21,2308.589,3627.501
2013-08-22,2303.932,3636.469
2013-08-23,2286.929,3627.97
2013-08-26,2335.616,3703.593
2013-08-27,2340.881,3732.098
2013-08-28,2328.056,3703.92
2013-08-29,2318.311,3701.083
2013-08-30,2313.91,3664.148
2013-09-02,2320.344,3689.959
2013-09-03,2354.502,3744.871
2013-09-04,2350.699,3755.239
2013-09-05,2341.735,3762.569
2013-09-06,2357.782,3792.832
2013-09-09,2440.609,3831.927
2013-09-10,2474.894,3870.923
2013-09-11,2482.889,3834.258
2013-09-12,2507.455,3845.068
2013-09-13,2488.902,3849.82
2013-09-16,2478.39,3854.207
2013-09-17,2427.322,3786.292
2013-09-18,2432.51,3822.123
2013-09-23,2472.288,3899.625
2013-09-24,2443.885,3903.518
2013-09-25,2429.03,3889.221
2013-09-26,2384.443,3808.216
2013-09-27,2394.971,3822.758
2013-09-30,2409.037,3872.893
2013-10-08,2441.811,3938.068
2013-10-09,2453.583,3981.058
2013-10-10,2429.317,3959.63
2013-10-11,2468.508,4026.916
2013-10-14,2472.542,4068.32
2013-10-15,2467.517,4074.083
2013-10-16,2421.371,3963.212
2013-10-17,2413.33,3956.965
2013-10-18,2426.054,3970.641
2013-10-21,2471.322,4069.033
2013-10-22,2445.891,4026.516
2013-10-23,2418.491,3924.219
2013-10-24,2400.511,3898.156
2013-10-25,2368.559,3821.779
2013-10-28,2365.954,3808.703
2013-10-29,2372.053,3703.86
2013-10-30,2407.471,3764.453
2013-10-31,2373.718,3713.829
2013-11-01,2384.96,3702.445
2013-11-04,2380.454,3728.188
2013-11-05,2383.769,3777.404
2013-11-06,2353.568,3737.106
2013-11-07,2340.552,3685.04
2013-11-08,2307.945,3629.94
2013-11-11,2315.889,3645.84
2013-11-12,2340.0,3680.536
2013-11-13,2288.116,3611.76
2013-11-14,2304.501,3659.83
2013-11-15,2350.734,3736.452
2013-11-18,2428.903,3827.882
2013-11-19,2412.163,3840.365
2013-11-20,2424.85,3878.584
2013-11-21,2409.989,3865.41
2013-11-22,2397.962,3842.756
2013-11-25,2388.629,3839.602
2013-11-26,2387.416,3845.676
2013-11-27,2414.481,3889.755
2013-11-28,2439.53,3922.666
2013-11-29,2438.944,3946.383
2013-12-02,2418.788,3770.865
2013-12-03,2442.784,3859.955
2013-12-04,2475.135,3932.998
2013-12-05,2468.197,3928.724
2013-12-06,2452.287,3918.783
2013-12-09,2450.872,3947.704
2013-12-10,2453.322,3950.486
2013-12-11,2412.763,3906.78
2013-12-12,2410.015,3916.962
2013-12-13,2406.639,3925.434
2013-12-16,2367.923,3857.715
2013-12-17,2356.376,3834.027
2013-12-18,2357.226,3834.045
2013-12-19,2332.41,3795.023
2013-12-20,2278.136,3747.002
2013-12-23,2284.602,3742.738
2013-12-24,2288.248,3768.703
2013-12-25,2305.11,3808.453
2013-12-26,2265.334,3743.132
2013-12-27,2303.478,3800.774
2013-12-30,2299.458,3813.003
2013-12-31,2330.026,3829.096
2014-01-02,2321.978,3847.879
2014-01-03,2290.779,3816.316
2014-01-06,2238.637,3710.898
2014-01-07,2238.001,3733.662
2014-01-08,2241.911,3738.205
2014-01-09,2222.221,3696.023
2014-01-10,2204.851,3628.634
2014-01-13,2193.679,3612.02
2014-01-14,2212.846,3683.534
2014-01-15,2208.941,3708.142
2014-01-16,2211.844,3714.314
2014-01-17,2178.488,3671.915
2014-01-20,2165.993,3644.125
2014-01-21,2187.41,3700.108
2014-01-22,2243.796,3799.042
2014-01-23,2231.889,3825.486
2014-01-24,2245.678,3882.668
2014-01-27,2215.919,3881.947
2014-01-28,2219.855,3873.81
2014-01-29,2227.781,3908.45
2014-01-30,2202.45,3885.416
2014-02-07,2212.483,3957.671
2014-02-10,2267.534,4074.63
2014-02-11,2285.562,4080.378
2014-02-12,2291.246,4125.412
2014-02-13,2279.554,4064.423
2014-02-14,2295.575,4134.16
2014-02-17,2311.647,4212.745
2014-02-18,2282.442,4207.699
2014-02-19,2308.656,4207.994
2014-02-20,2287.436,4149.071
2014-02-21,2264.294,4121.917
2014-02-24,2214.509,4105.792
2014-02-25,2157.909,3961.439
2014-02-26,2163.405,3987.48
2014-02-27,2154.108,3934.727
2014-02-28,2178.971,3975.929
2014-03-03,2190.37,4058.799
2014-03-04,2184.273,4059.567
2014-03-05,2163.976,4037.784
2014-03-06,2173.634,4032.756
2014-03-07,2168.358,4012.447
2014-03-10,2097.787,3860.244
2014-03-11,2108.661,3864.26
2014-03-12,2114.134,3865.662
2014-03-13,2140.333,3907.146
2014-03-14,2122.836,3888.975
2014-03-17,2143.038,3967.15
2014-03-18,2138.133,3989.201
2014-03-19,2120.87,3980.673
2014-03-20,2086.967,3876.578
2014-03-21,2158.798,3952.392
2014-03-24,2176.554,3985.861
2014-03-25,2174.44,3991.144
2014-03-26,2171.047,4001.502
2014-03-27,2155.707,3944.044
2014-03-28,2151.965,3865.295
2014-03-31,2146.305,3840.536
2014-04-01,2163.115,3899.488
2014-04-02,2180.727,3902.043
2014-04-03,2165.008,3896.28
2014-04-04,2185.472,3939.229
2014-04-08,2237.316,3981.625
2014-04-09,2238.62,4018.547
2014-04-10,2273.761,4038.84
2014-04-11,2270.666,4021.194
2014-04-14,2268.613,4051.33
2014-04-15,2229.463,4021.906
2014-04-16,2232.526,4019.883
2014-04-17,2224.803,4014.94
2014-04-18,2224.479,4029.262
2014-04-21,2187.248,3965.337
2014-04-22,2196.795,3947.169
2014-04-23,2194.668,3929.168
2014-04-24,2190.474,3884.811
2014-04-25,2167.826,3800.681
2014-04-28,2134.969,3684.593
2014-04-29,2158.47,3738.926
2014-04-30,2158.659,3766.17
2014-05-05,2156.47,3798.288
2014-05-06,2157.328,3817.98
2014-05-07,2137.316,3749.965
2014-05-08,2135.496,3754.011
2014-05-09,2133.911,3716.022
2014-05-12,2180.054,3812.758
2014-05-13,2174.852,3806.89
2014-05-14,2172.372,3803.803
2014-05-15,2144.084,3732.337
2014-05-16,2145.952,3726.656
2014-05-19,2115.143,3705.364
2014-05-20,2115.771,3715.71
2014-05-21,2135.905,3747.334
2014-05-22,2130.868,3746.14
2014-05-23,2148.414,3786.563
2014-05-26,2155.976,3827.487
2014-05-27,2147.28,3818.322
2014-05-28,2169.352,3861.588
2014-05-29,2155.164,3821.867
2014-05-30,2156.464,3829.238
2014-06-03,2149.918,3822.716
2014-06-04,2128.274,3789.294
2014-06-05,2150.602,3832.055
2014-06-06,2134.716,3818.333
2014-06-09,2134.281,3797.429
2014-06-10,2161.268,3840.019
2014-06-11,2160.766,3858.051
2014-06-12,2153.41,3850.113
2014-06-13,2176.242,3891.557
2014-06-16,2191.855,3914.981
2014-06-17,2169.674,3879.344
2014-06-18,2160.239,3858.099
2014-06-19,2126.907,3755.694
2014-06-20,2136.729,3789.342
2014-06-23,2134.11,3815.879
2014-06-24,2144.821,3839.203
2014-06-25,2133.371,3814.03
2014-06-26,2149.076,3861.95
2014-06-27,2150.258,3889.323
2014-06-30,2165.118,3924.903
2014-07-01,2164.559,3951.726
2014-07-02,2170.867,3979.31
2014-07-03,2180.192,4019.647
2014-07-04,2178.695,4004.561
2014-07-07,2176.289,4014.488
2014-07-08,2180.473,4039.707
2014-07-09,2148.71,3982.404
2014-07-10,2142.847,3982.198
2014-07-11,2148.009,4029.751
2014-07-14,2171.758,4090.802
2014-07-15,2174.976,4093.113
2014-07-16,2170.868,4062.119
2014-07-17,2157.068,4031.44
2014-07-18,2164.144,4042.521
2014-07-21,2166.295,4030.242
2014-07-22,2192.698,4083.288
2014-07-23,2197.833,4057.113
2014-07-24,2237.015,4054.223
2014-07-25,2260.454,4089.801
2014-07-28,2323.897,4168.373
2014-07-29,2331.369,4207.862
2014-07-30,2322.011,4214.836
2014-07-31,2350.251,4257.045
2014-08-01,2329.402,4210.219
2014-08-04,2375.62,4278.847
2014-08-05,2369.353,4300.12
2014-08-06,2363.221,4328.601
2014-08-07,2327.457,4286.09
2014-08-08,2331.134,4311.697
2014-08-11,2365.349,4377.018
2014-08-12,2357.052,4399.806
2014-08-13,2358.901,4401.809
2014-08-14,2335.945,4373.504
2014-08-15,2360.635,4423.636
2014-08-18,2374.562,4483.544
2014-08-19,2374.768,4496.938
2014-08-20,2366.14,4497.399
2014-08-21,2354.244,4495.44
2014-08-22,2365.364,4521.752
2014-08-25,2342.863,4487.142
2014-08-26,2324.092,4407.588
2014-08-27,2327.595,4421.212
2014-08-28,2311.278,4381.494
2014-08-29,2338.287,4427.879
2014-09-01,2355.317,4507.442
2014-09-02,2386.46,4576.12
2014-09-03,2408.838,4608.557
2014-09-04,2426.224,4647.886
2014-09-05,2449.259,4666.474
2014-09-09,2445.224,4701.699
2014-09-10,2432.433,4709.909
2014-09-11,2423.454,4704.942
2014-09-12,2438.358,4756.949
2014-09-15,2437.189,4807.555
2014-09-16,2388.765,4645.546
2014-09-17,2401.326,4686.047
2014-09-18,2408.664,4719.009
2014-09-19,2425.211,4758.727
2014-09-22,2378.92,4694.229
2014-09-23,2399.462,4754.472
2014-09-24,2441.864,4815.71
2014-09-25,2436.965,4814.735
2014-09-26,2437.201,4829.935
2014-09-29,2447.799,4877.435
2014-09-30,2450.988,4916.119
2014-10-08,2478.383,4993.531
2014-10-09,2481.955,5004.001
2014-10-10,2466.789,4981.853
2014-10-13,2454.946,4982.681
2014-10-14,2446.562,4966.083
2014-10-15,2463.874,4987.707
2014-10-16,2444.395,4906.244
2014-10-17,2441.732,4860.732
2014-10-20,2454.711,4929.16
2014-10-21,2433.391,4884.024
2014-10-22,2418.641,4825.609
2014-10-23,2395.936,4755.231
2014-10-24,2390.706,4774.666
2014-10-27,2368.832,4809.518
2014-10-28,2416.653,4924.955
2014-10-29,2451.384,4991.755
2014-10-30,2468.925,4992.63
2014-10-31,2508.325,4986.416
2014-11-03,2512.548,5028.698
2014-11-04,2513.172,5003.47
2014-11-05,2503.448,4995.443
2014-11-06,2506.067,5024.848
2014-11-07,2502.153,4977.255
2014-11-10,2565.73,5031.001
2014-11-11,2558.612,4881.48
2014-11-12,2594.318,4965.384
2014-11-13,2579.75,4921.671
2014-11-14,2581.093,4909.609
2014-11-17,2567.101,4958.466
2014-11-18,2541.416,4967.651
2014-11-19,2537.223,4985.101
2014-11-20,2537.099,4974.626
2014-11-21,2583.455,5029.773
2014-11-24,2649.258,5112.119
2014-11-25,2685.561,5189.001
2014-11-26,2723.018,5214.21
2014-11-27,2754.49,5251.389
2014-11-28,2808.819,5245.267
2014-12-01,2819.812,5208.139
2014-12-02,2923.94,5277.657
2014-12-03,2967.549,5339.005
2014-12-04,3104.351,5451.962
2014-12-05,3124.885,5333.892
2014-12-08,3252.881,5412.674
2014-12-09,3106.913,5195.406
2014-12-10,3221.546,5374.097
2014-12-11,3183.012,5454.443
2014-12-12,3193.227,5493.2
2014-12-15,3217.228,5583.597
2014-12-16,3303.402,5606.693
2014-12-17,3360.598,5557.286
2014-12-18,3345.927,5558.045
2014-12-19,3383.167,5524.122
2014-12-22,3394.481,5305.209
2014-12-23,3324.924,5193.722
2014-12-24,3230.385,5262.365
2014-12-25,3335.419,5364.563
2014-12-26,3445.839,5422.751
2014-12-29,3455.455,5367.637
2014-12-30,3457.554,5275.085
2014-12-31,3533.705,5322.714
2015-01-05,3641.541,5417.017
2015-01-06,3641.059,5479.864
2015-01-07,3643.79,5488.242
2015-01-08,3559.259,5444.037
2015-01-09,3546.723,5409.058
2015-01-12,3513.576,5332.221
2015-01-13,3514.04,5405.091
2015-01-14,3502.423,5379.738
2015-01-15,3604.121,5449.038
2015-01-16,3635.146,5520.123
2015-01-19,3355.155,5281.895
2015-01-20,3396.222,5472.514
2015-01-21,3548.885,5611.694
2015-01-22,3567.613,5690.156
2015-01-23,3571.732,5633.289
2015-01-26,3607.985,5758.979
2015-01-27,3574.931,5773.816
2015-01-28,3525.323,5739.919
2015-01-29,3481.798,5701.205
2015-01-30,3434.39,5632.728
2015-02-02,3353.96,5609.389
2015-02-03,3437.445,5707.476
2015-02-04,3401.768,5683.519
2015-02-05,3366.946,5654.217
2015-02-06,3312.42,5534.785
2015-02-09,3345.921,5504.974
2015-02-10,3406.943,5580.704
2015-02-11,3434.124,5641.786
2015-02-12,3442.874,5681.341
2015-02-13,3469.828,5769.272
2015-02-16,3499.483,5869.713
2015-02-17,3522.322,5911.098
2015-02-25,3478.729,5906.538
2015-02-26,3566.295,5969.557
2015-02-27,3572.843,6018.463
2015-03-02,3601.265,6139.792
2015-03-03,3507.9,6118.656
2015-03-04,3530.822,6210.421
2015-03-05,3496.344,6208.988
2015-03-06,3478.52,6133.026
2015-03-09,3537.75,6212.236
2015-03-10,3520.611,6276.485
2015-03-11,3524.653,6262.892
2015-03-12,3592.844,6260.137
2015-03-13,3617.657,6329.576
2015-03-16,3705.671,6516.765
2015-03-17,3757.122,6618.054
2015-03-18,3846.055,6728.068
2015-03-19,3839.739,6782.463
2015-03-20,3892.574,6850.897
2015-03-23,3972.061,7017.154
2015-03-24,3973.046,7046.123
2015-03-25,3940.412,7124.872
2015-03-26,3949.999,7074.437
2015-03-27,3971.697,7155.945
2015-03-30,4088.178,7245.497
2015-03-31,4051.204,7253.104
2015-04-01,4123.895,7425.733
2015-04-02,4124.776,7560.648
2015-04-03,4170.538,7679.01
2015-04-07,4260.044,7863.284
2015-04-08,4295.803,7807.997
2015-04-09,4262.138,7746.151
2015-04-10,4344.416,7952.189
2015-04-13,4421.073,8122.893
2015-04-14,4438.184,8119.959
2015-04-15,4380.513,7802.747
2015-04-16,4513.546,7912.088
2015-04-17,4596.136,7980.76
2015-04-20,4521.919,7839.901
2015-04-21,4619.164,8112.687
2015-04-22,4739.814,8323.427
2015-04-23,4740.892,8410.703
2015-04-24,4702.641,8419.095
2015-04-27,4807.592,8513.016
2015-04-28,4741.861,8266.483
2015-04-29,4774.326,8428.254
2015-04-30,4749.886,8469.673
2015-05-04,4787.741,8510.481
2015-05-05,4596.837,8199.344
2015-05-06,4553.327,8082.999
2015-05-07,4470.089,7903.478
2015-05-08,4558.404,8201.293
2015-05-11,4690.532,8558.218
2015-05-12,4747.421,8745.678
2015-05-13,4718.436,8824.929
2015-05-14,4700.778,8813.393
2015-05-15,4617.47,8742.885
2015-05-18,4575.14,8903.595
2015-05-19,4731.222,9124.833
2015-05-20,4754.919,9277.331
2015-05-21,4840.976,9619.223
2015-05-22,4951.335,9778.171
2015-05-25,5099.495,10040.09
2015-05-26,5198.918,10373.58
2015-05-27,5181.434,10497.34
2015-05-28,4834.007,9868.424
2015-05-29,4840.829,9966.845
2015-06-01,5076.179,10488.31
2015-06-02,5161.87,10886.4
2015-06-03,5143.59,10979.99
2015-06-04,5181.416,10965.41
2015-06-05,5230.552,11144.52
2015-06-08,5353.751,11030.92
2015-06-09,5317.461,11013.74
2015-06-10,5309.112,11208.0577
2015-06-11,5306.59,11366.2931
2015-06-12,5335.1151,11545.8906
2015-06-15,5221.1665,11332.892
2015-06-16,5064.8212,10879.8358
2015-06-17,5138.8307,11100.5456
2015-06-18,4930.5491,10731.3787
2015-06-19,4637.0517,9987.4074
2015-06-23,4786.0906,10046.8849
2015-06-24,4880.1261,10267.6266
2015-06-25,4706.5159,9906.1037
2015-06-26,4336.1947,9078.0648
2015-06-29,4191.5486,8484.6434
2015-06-30,4472.9976,8906.0202
2015-07-01,4253.021,8411.9097
2015-07-02,4107.9961,7835.1035
2015-07-03,3885.9169,7355.491
2015-07-06,3998.537,7235.999
2015-07-07,3928.0025,6763.5263
2015-07-08,3663.0375,6602.3735
2015-07-09,3897.6263,6896.3516
2015-07-10,4106.5561,7244.7842
2015-07-13,4211.8116,7695.6351
2015-07-14,4112.1488,7859.0574
2015-07-15,3966.7585,7405.2945
2015-07-16,3997.3555,7578.7585
2015-07-17,4151.4956,7994.6971
2015-07-20,4160.612,8116.4956
2015-07-21,4166.0057,8220.4627
2015-07-22,4157.1604,8320.2364
2015-07-23,4250.805,8551.9909
2015-07-24,4176.2787,8425.0739
2015-07-27,3818.7314,7794.1809
2015-07-28,3811.0926,7649.8199
2015-07-29,3930.3791,8022.7956
2015-07-30,3815.4118,7800.5799
2015-07-31,3816.6993,7727.0608
2015-08-03,3829.2354,7540.2053
2015-08-04,3948.1554,7942.0952
2015-08-05,3866.8998,7839.3375
2015-08-06,3831.8516,7792.0278
2015-08-07,3906.9448,8013.3187
2015-08-10,4084.3646,8394.0862
2015-08-11,4066.6692,8435.3271
2015-08-12,4016.1262,8336.3365
2015-08-13,4075.463,8534.4288
2015-08-14,4073.54,8625.2423
2015-08-17,4077.8721,8820.4567
2015-08-18,3825.4122,8161.2687
2015-08-19,3886.1357,8340.9828
2015-08-20,3761.4541,8049.5116
2015-08-21,3589.5358,7612.9024
2015-08-24,3275.5342,7006.1885
2015-08-25,3042.9266,6481.4117
2015-08-26,3025.692,6238.5256
2015-08-27,3205.6375,6456.0548
2015-08-28,3342.2863,6842.8938
2015-08-31,3366.5359,6581.3127
2015-09-01,3362.0827,6169.2072
2015-09-02,3365.8318,6122.5533
2015-09-07,3250.485,6143.5566
2015-09-08,3334.0233,6374.8551
2015-09-09,3399.3054,6551.0072
2015-09-10,3357.561,6440.3093
2015-09-11,3347.1878,6493.3191
2015-09-14,3281.1317,6049.7904
2015-09-15,3152.2319,5708.0299
2015-09-16,3309.2484,6084.8367
2015-09-17,3236.9986,5965.409
2015-09-18,3251.2732,6036.8814
2015-09-21,3308.2467,6250.4393
2015-09-22,3339.03,6295.9258
2015-09-23,3263.0275,6224.6006
2015-09-24,3284.9991,6315.1101
2015-09-25,3231.9514,6108.3764
2015-09-28,3242.7524,6219.6917
2015-09-29,3178.8544,6103.6058
2015-09-30,3202.9475,6123.7274
2015-10-08,3296.482,6372.4924
2015-10-09,3340.1159,6470.0514
2015-10-12,3447.6934,6718.7221
2015-10-13,3445.0431,6802.0769
2015-10-14,3406.1116,6724.4957
2015-10-15,3486.815,6929.2374
2015-10-16,3534.0653,7047.5599
2015-10-19,3534.1821,7047.3718
2015-10-20,3577.7027,7162.0754
2015-10-21,3473.2544,6712.7386
2015-10-22,3524.5339,6964.2976
2015-10-23,3571.2411,7138.2344
2015-10-26,3589.2611,7186.7548
2015-10-27,3592.8794,7231.4362
2015-10-28,3524.9199,7048.8952
2015-10-29,3533.3065,7108.9748
2015-10-30,3534.0788,7084.9706
2015-11-02,3475.9623,6936.4315
2015-11-03,3465.4927,6920.1029
2015-11-04,3628.5377,7267.9884
2015-11-05,3705.9697,7276.4505
2015-11-06,3793.3739,7446.8471
2015-11-09,3840.3547,7543.8014
2015-11-10,3833.2379,7575.0084
2015-11-11,3833.6457,7684.666
2015-11-12,3795.3241,7682.4517
2015-11-13,3746.2422,7567.108
2015-11-16,3764.1262,7718.8548
2015-11-17,3758.3869,7650.3808
2015-11-18,3715.5796,7526.9417
2015-11-19,3774.969,7718.622
2015-11-20,3774.3833,7806.2655
2015-11-23,3753.3351,7744.1822
2015-11-24,3753.8887,7798.4975
2015-11-25,3781.6069,7922.3841
2015-11-26,3759.4286,7874.0797
2015-11-27,3556.9924,7376.1243
2015-11-30,3566.4122,7408.3988
2015-12-01,3591.696,7443.9452
2015-12-02,3721.9545,7405.8596
2015-12-03,3749.2985,7570.5077
2015-12-04,3677.5922,7511.6749
2015-12-07,3687.6073,7602.2276
2015-12-08,3623.0202,7404.142
2015-12-09,3635.9382,7374.2742
2015-12-10,3623.0842,7350.2098
2015-12-11,3608.0587,7290.7017
2015-12-14,3711.322,7441.0301
2015-12-15,3694.3885,7498.1813
2015-12-16,3685.4398,7529.4028
2015-12-17,3755.8881,7716.246
2015-12-18,3767.9128,7699.37
2015-12-21,3865.965,7788.564
2015-12-22,3876.7325,7856.6081
2015-12-23,3866.3814,7773.2825
2015-12-24,3829.4022,7753.0367
2015-12-25,3838.201,7792.1244
2015-12-28,3727.6316,7603.3609
2015-12-29,3761.8745,7674.3881
2015-12-30,3765.1752,7741.0472
2015-12-31,3731.0047,7617.689
2016-01-04,3469.0662,6983.4044
2016-01-05,3478.7797,6889.7414
2016-01-06,3539.8082,7065.6068
2016-01-07,3294.3839,6462.2428
2016-01-08,3361.5632,6570.4316
2016-01-11,3192.4499,6128.6558
2016-01-12,3215.7099,6136.6632
2016-01-13,3155.8787,5924.044
2016-01-14,3221.5714,6124.8202
2016-01-15,3118.7301,5893.6815
2016-01-18,3130.7289,5978.9076
2016-01-19,3223.1251,6197.0947
2016-01-20,3174.3781,6138.5031
2016-01-21,3081.3454,5886.8835
2016-01-22,3113.4626,5980.6111
2016-01-25,3128.886,6041.3261
2016-01-26,2940.5085,5589.3069
2016-01-27,2930.3519,5514.1886
2016-01-28,2853.7562,5271.2325
2016-01-29,2946.0902,5469.1254
2016-02-01,2901.0477,5399.4771
2016-02-02,2961.3337,5586.6266
2016-02-03,2948.6386,5610.1734
2016-02-04,2984.7598,5721.4853
2016-02-05,2963.7894,5664.1971
2016-02-15,2946.7066,5668.0398
2016-02-16,3037.0353,5902.5341
2016-02-17,3063.3199,5971.4123
2016-02-18,3053.6985,5957.1305
2016-02-19,3051.585,5979.5164
2016-02-22,3118.8675,6103.7225
2016-02-23,3089.3632,6070.4998
2016-02-24,3109.5454,6111.0427
2016-02-25,2918.7501,5626.0522
2016-02-26,2948.0306,5648.9376
2016-02-29,2877.4666,5350.4337
2016-03-01,2930.6937,5473.6349
2016-03-02,3051.3327,5753.1482
2016-03-03,3058.4219,5776.977
2016-03-04,3093.8895,5621.5614
2016-03-07,3104.8397,5752.5482
2016-03-08,3107.6727,5764.3253
2016-03-09,3071.907,5617.0376
2016-03-10,3013.1457,5521.948
2016-03-11,3018.2844,5508.9818
2016-03-14,3065.6904,5690.5904
2016-03-15,3074.7796,5639.8012
2016-03-16,3090.0328,5562.8037
2016-03-17,3124.2039,5745.975
2016-03-18,3171.963,5949.263
2016-03-21,3249.4372,6099.4805
2016-03-22,3225.7903,6075.4922
2016-03-23,3236.0924,6118.9664
2016-03-24,3181.8507,6018.4242
2016-03-25,3197.8169,6077.4312
2016-03-28,3169.7283,6037.7782
2016-03-29,3135.4098,5921.8672
2016-03-30,3216.2753,6137.5034
2016-03-31,3218.0879,6155.8138
2016-04-01,3221.8948,6124.5278
2016-04-05,3264.4858,6286.5826
2016-04-06,3257.5276,6323.4342
2016-04-07,3209.2902,6228.9737
2016-04-08,3185.7258,6168.7419
2016-04-11,3230.0957,6304.3004
2016-04-12,3218.4497,6252.7729
2016-04-13,3261.3831,6344.2255
2016-04-14,3275.8321,6401.8545
2016-04-15,3272.2053,6384.3496
2016-04-18,3228.4531,6281.2024
2016-04-19,3238.3029,6308.229
2016-04-20,3181.0264,6022.2126
2016-04-21,3160.6033,5970.682
2016-04-22,3174.9012,6011.3201
2016-04-25,3162.0331,5978.0772
2016-04-26,3179.1605,6046.7734
2016-04-27,3165.9156,6016.699
2016-04-28,3160.5809,5990.3285
2016-04-29,3156.7451,5985.594
2016-05-03,3213.5397,6167.4537
2016-05-04,3209.4614,6169.7826
2016-05-05,3213.9199,6203.8166
2016-05-06,3130.3544,5961.489
2016-05-09,3065.6154,5743.6473
2016-05-10,3069.1124,5738.8961
2016-05-11,3082.8086,5723.4104
2016-05-12,3090.1372,5726.4555
2016-05-13,3074.9351,5714.3107
2016-05-16,3095.3085,5812.5423
2016-05-17,3086.0249,5790.3416
2016-05-18,3068.0358,5631.1927
2016-05-19,3062.5002,5666.7331
2016-05-20,3078.2183,5732.9018
2016-05-23,3087.2225,5809.4761
2016-05-24,3063.5556,5743.1782
2016-05-25,3059.2259,5715.1834
2016-05-26,3064.2111,5744.3876
2016-05-27,3062.4993,5739.5897
2016-05-30,3066.7095,5711.3152
2016-05-31,3169.5598,5947.3224
2016-06-01,3160.547,5973.7799
2016-06-02,3167.0997,6013.8942
2016-06-03,3189.3255,6032.603
2016-06-06,3178.7883,6051.8595
2016-06-07,3177.0536,6045.3571
2016-06-08,3163.9864,6023.8776
2016-06-13,3066.3413,5746.4438
2016-06-14,3075.9834,5762.7612
2016-06-15,3116.3682,5952.846
2016-06-16,3094.6748,5930.5454
2016-06-17,3110.3572,5964.2724
2016-06-20,3112.6744,5985.5691
2016-06-21,3106.3175,5916.8032
2016-06-22,3133.9611,6008.8857
2016-06-23,3117.3168,5978.1737
2016-06-24,3077.1554,5903.6202
2016-06-27,3120.5443,6044.2191
2016-06-28,3136.4013,6107.5105
2016-06-29,3151.3898,6120.2021
2016-06-30,3153.921,6123.4939
2016-07-01,3154.2003,6111.5385
2016-07-04,3204.6962,6231.8811
2016-07-05,3207.3827,6269.5046
2016-07-06,3216.8035,6297.3969
2016-07-07,3209.9542,6319.7926
2016-07-08,3192.2804,6299.8533
2016-07-11,3203.3298,6312.4988
2016-07-12,3273.1823,6395.1448
2016-07-13,3282.8681,6446.5634
2016-07-14,3276.7637,6455.5827
2016-07-15,3276.2775,6441.0159
2016-07-18,3262.0222,6412.0731
2016-07-19,3248.2341,6431.9383
2016-07-20,3237.6051,6417.9223
2016-07-21,3252.5227,6442.7093
2016-07-22,3225.1621,6390.9254
2016-07-25,3230.885,6408.7831
2016-07-26,3269.5882,6494.4743
2016-07-27,3218.243,6229.2885
2016-07-28,3221.1365,6243.2883
2016-07-29,3203.9304,6202.8923
2016-08-01,3176.8091,6109.2782
2016-08-02,3189.0529,6168.5088
2016-08-03,3193.5073,6198.3885
2016-08-04,3201.2888,6238.2309
2016-08-05,3205.1101,6203.2872
2016-08-08,3234.1833,6290.7562
2016-08-09,3256.9813,6341.5497
2016-08-10,3243.3409,6318.2681
2016-08-11,3233.3604,6226.3129
2016-08-12,3294.2337,6299.0915
2016-08-15,3393.4239,6442.5272
2016-08-16,3378.2451,6468.8946
2016-08-17,3373.0476,6488.3648
2016-08-18,3364.4851,6490.408
2016-08-19,3365.0197,6499.5548
2016-08-22,3336.7949,6420.3544
2016-08-23,3341.8298,6428.6978
2016-08-24,3329.8631,6435.0586
2016-08-25,3308.9721,6382.5704
2016-08-26,3307.0902,6410.7335
2016-08-29,3307.7812,6427.5291
2016-08-30,3311.9872,6425.7543
2016-08-31,3327.7938,6434.2103
2016-09-01,3301.5767,6381.4755
2016-09-02,3314.1142,6356.9538
2016-09-05,3319.6803,6391.7923
2016-09-06,3342.6259,6492.9722
2016-09-07,3340.8172,6494.3159
2016-09-08,3339.564,6517.9835
2016-09-09,3318.044,6471.053
2016-09-12,3262.6043,6291.6364
2016-09-13,3260.333,6320.0315
2016-09-14,3238.7299,6278.158
2016-09-19,3263.1242,6344.181
2016-09-20,3257.4034,6342.0328
2016-09-21,3266.6363,6343.7541
2016-09-22,3291.1211,6385.6353
2016-09-23,3275.6665,6370.5834
2016-09-26,3220.2838,6241.5157
2016-09-27,3240.7546,6286.9093
2016-09-28,3230.8904,6281.2838
2016-09-29,3244.3874,6298.7911
2016-09-30,3253.2848,6328.0856
2016-10-10,3293.8689,6447.6934
2016-10-11,3306.5573,6486.4254
2016-10-12,3300.0099,6482.7379
2016-10-13,3302.6455,6484.831
2016-10-14,3305.8481,6469.4915
2016-10-17,3277.8787,6413.1487
2016-10-18,3321.3324,6509.2821
2016-10-19,3316.2407,6495.2574
2016-10-20,3318.6044,6498.2375
2016-10-21,3327.74,6475.2807
2016-10-24,3367.5778,6539.4661
2016-10-25,3367.4547,6563.3539
2016-10-26,3354.8003,6530.3898
2016-10-27,3345.695,6517.3594
2016-10-28,3340.1262,6455.8349
2016-10-31,3336.2778,6452.2058
2016-11-01,3359.0515,6507.95
2016-11-02,3333.3524,6455.1295
2016-11-03,3365.085,6483.7322
2016-11-04,3354.1749,6462.5928
2016-11-07,3356.5916,6468.8171
2016-11-08,3371.1177,6503.1781
2016-11-09,3353.0547,6453.5718
2016-11-10,3390.6119,6536.9651
2016-11-11,3417.2211,6583.8864
2016-11-14,3430.2482,6615.0071
2016-11-15,3429.8697,6640.4616
2016-11-16,3429.5921,6644.1878
2016-11-17,3436.535,6636.469
2016-11-18,3417.4554,6602.3265
2016-11-21,3441.1106,6611.5399
2016-11-22,3468.3637,6661.246
2016-11-23,3474.7289,6631.1733
2016-11-24,3488.7402,6623.0489
2016-11-25,3521.2984,6652.8177
2016-11-28,3535.0807,6670.8035
2016-11-29,3564.0404,6620.7949
2016-11-30,3538.001,6585.5776
2016-12-01,3565.036,6624.4657
2016-12-02,3528.9547,6520.9745
2016-12-05,3469.4073,6486.0173
2016-12-06,3459.1533,6490.8897
2016-12-07,3475.7473,6558.0247
2016-12-08,3470.1426,6527.4338
2016-12-09,3493.7004,6513.9155
2016-12-12,3409.1794,6249.0784
2016-12-13,3405.0355,6278.1793
2016-12-14,3378.9453,6239.4989
2016-12-15,3340.4338,6280.3981
2016-12-16,3346.0305,6318.5239
2016-12-19,3328.9827,6320.7324
2016-12-20,3309.0641,6300.6383
2016-12-21,3338.536,6347.6058
2016-12-22,3335.672,6341.7879
2016-12-23,3307.5991,6281.9966
2016-12-26,3322.4006,6294.7546
2016-12-27,3316.3852,6288.8594
2016-12-28,3301.8887,6270.2395
2016-12-29,3297.7648,6252.6076
2016-12-30,3310.0808,6263.6256
2017-01-03,3342.2272,6320.7626
2017-01-04,3368.3117,6394.6694
2017-01-05,3367.7892,6399.2841
2017-01-06,3347.6665,6371.6168
2017-01-09,3363.9014,6415.4176
2017-01-10,3358.2716,6393.9283
2017-01-11,3334.4954,6331.9638
2017-01-12,3317.6241,6272.851
2017-01-13,3319.9122,6194.6575
2017-01-16,3319.4455,6031.2414
2017-01-17,3326.3563,6082.0657
2017-01-18,3339.3653,6068.593
2017-01-19,3329.2891,6043.675
2017-01-20,3354.8891,6121.9983
2017-01-23,3364.0808,6172.1671
2017-01-24,3364.4509,6165.2642
2017-01-25,3375.9042,6179.5681
2017-01-26,3387.9606,6223.7061
2017-02-03,3364.4923,6207.0921
2017-02-06,3373.2051,6259.2471
2017-02-07,3365.6849,6255.927
2017-02-08,3383.2878,6291.5977
2017-02-09,3396.2924,6331.1771
2017-02-10,3413.4868,6337.1081
2017-02-13,3436.275,6369.6526
2017-02-14,3435.8042,6374.8852
2017-02-15,3421.7131,6311.6959
2017-02-16,3440.9331,6359.3361
2017-02-17,3421.4419,6307.1627
2017-02-20,3471.3926,6385.0625
2017-02-21,3482.823,6434.4383
2017-02-22,3489.7567,6474.225
2017-02-23,3473.3236,6473.993
2017-02-24,3473.8517,6476.1655
2017-02-27,3446.2228,6424.2549
2017-02-28,3452.8103,6450.9701
2017-03-01,3458.4376,6467.6385
2017-03-02,3435.0963,6434.6262
2017-03-03,3427.8628,6452.839
2017-03-06,3446.484,6517.3235
2017-03-07,3453.9565,6523.1868
2017-03-08,3448.7313,6497.0878
2017-03-09,3426.9438,6439.3822
2017-03-10,3427.8916,6447.9165
2017-03-13,3458.098,6507.8964
2017-03-14,3456.6934,6493.4846
2017-03-15,3463.6436,6486.0616
2017-03-16,3481.5066,6543.3407
2017-03-17,3445.8051,6483.2463
2017-03-20,3449.6126,6498.3416
2017-03-21,3466.3468,6515.9458
2017-03-22,3450.0502,6499.7928
2017-03-23,3461.9782,6512.1874
2017-03-24,3489.5997,6546.615
2017-03-27,3478.0385,6516.0326
2017-03-28,3469.8093,6498.6902
2017-03-29,3465.1933,6480.543
2017-03-30,3436.758,6375.7437
2017-03-31,3456.0455,6401.6479
2017-04-05,3503.8932,6539.9665
2017-04-06,3514.0469,6559.6526
2017-04-07,3517.4634,6578.726
2017-04-10,3505.1392,6566.5441
2017-04-11,3517.328,6629.1661
2017-04-12,3509.4387,6576.4761
2017-04-13,3514.5662,6615.7042
2017-04-14,3486.5045,6528.1624
2017-04-17,3479.9417,6456.598
2017-04-18,3462.7429,6418.2114
2017-04-19,3445.8761,6350.6465
2017-04-20,3461.5481,6347.7732
2017-04-21,3466.7865,6300.7128
2017-04-24,3431.2587,6138.5049
2017-04-25,3440.9743,6160.4612
2017-04-26,3445.1832,6176.3981
2017-04-27,3446.7202,6192.3044
2017-04-28,3439.753,6211.8624
2017-05-02,3426.5766,6216.115
2017-05-03,3413.1282,6197.4779
2017-05-04,3404.3864,6176.3053
2017-05-05,3382.5502,6089.6828
2017-05-08,3358.8125,5975.5395
2017-05-09,3352.5324,6012.0016
2017-05-10,3337.7007,5885.841
2017-05-11,3356.6459,5872.6391
2017-05-12,3385.3787,5863.7832
2017-05-15,3399.1937,5893.5075
2017-05-16,3428.6491,6014.7344
2017-05-17,3409.9656,6027.6504
2017-05-18,3398.1127,5976.2998
2017-05-19,3403.8492,5974.9772
2017-05-22,3411.2387,5888.8127
2017-05-23,3424.194,5764.8759
2017-05-24,3424.1669,5799.2499
2017-05-25,3485.6581,5850.8006
2017-05-26,3480.4345,5836.9338
2017-05-31,3492.8845,5824.1042
2017-06-01,3497.7382,5709.9994
2017-06-02,3486.5074,5772.5174
2017-06-05,3468.7538,5815.8022
2017-06-06,3492.8816,5841.5232
2017-06-07,3533.8718,5955.0153
2017-06-08,3560.9786,5958.977
2017-06-09,3576.1703,5969.2741
2017-06-12,3574.3894,5902.8551
2017-06-13,3582.2674,5980.0566
2017-06-14,3535.2987,5966.4314
2017-06-15,3528.7926,6021.1651
2017-06-16,3518.7611,6012.9996
2017-06-19,3553.6653,6057.4115
2017-06-20,3546.494,6066.9046
2017-06-21,3587.955,6078.1925
2017-06-22,3590.3425,5992.3352
2017-06-23,3622.8831,6010.3137
2017-06-26,3668.0919,6111.6406
2017-06-27,3674.7152,6113.1658
2017-06-28,3646.1666,6086.2112
2017-06-29,3668.8279,6116.9932
2017-06-30,3666.7977,6138.1556
2017-07-03,3650.8463,6177.3953
2017-07-04,3619.9841,6146.8527
2017-07-05,3659.6795,6193.9641
2017-07-06,3660.0967,6201.6535
2017-07-07,3655.9293,6226.0108
2017-07-10,3653.6868,6206.5568
2017-07-11,3670.8086,6128.9942
2017-07-12,3658.8236,6132.9922
2017-07-13,3686.9205,6149.9337
2017-07-14,3703.094,6128.7397
2017-07-17,3663.5575,5876.4592
2017-07-18,3667.1807,5938.4342
2017-07-19,3729.7466,6059.3582
2017-07-20,3747.8843,6099.2835
2017-07-21,3728.5976,6126.1083
2017-07-24,3743.4686,6167.1282
2017-07-25,3719.559,6153.5984
2017-07-26,3705.3884,6146.7028
2017-07-27,3712.1947,6184.0207
2017-07-28,3721.8914,6215.4633
2017-07-31,3737.8732,6298.0004
2017-08-01,3770.3828,6286.5362
2017-08-02,3760.8525,6251.8627
2017-08-03,3727.8264,6261.9676
2017-08-04,3707.5796,6225.1151
2017-08-07,3726.7948,6303.4209
2017-08-08,3732.2129,6303.716
2017-08-09,3731.044,6340.022
2017-08-10,3715.9208,6289.2174
2017-08-11,3647.3503,6161.1903
2017-08-14,3694.6831,6292.6418
2017-08-15,3706.0566,6314.7608
2017-08-16,3701.4207,6318.7986
2017-08-17,3721.277,6366.034
2017-08-18,3724.6748,6347.7557
2017-08-21,3740.9941,6403.7803
2017-08-22,3752.298,6375.9814
2017-08-23,3756.0884,6322.7819
2017-08-24,3734.6458,6278.59
2017-08-25,3795.7544,6346.5305
2017-08-28,3842.7119,6424.5841
2017-08-29,3834.5376,6408.1567
2017-08-30,3834.3005,6453.4636
2017-08-31,3822.0928,6470.4259
2017-09-01,3830.5383,6526.5046
2017-09-04,3845.6163,6564.6804
2017-09-05,3857.0464,6571.8591
2017-09-06,3849.4499,6607.1176
2017-09-07,3829.8713,6558.5963
2017-09-08,3825.9895,6574.1826
2017-09-11,3825.6453,6649.6276
2017-09-12,3837.9341,6644.0118
2017-09-13,3842.6061,6684.3798
2017-09-14,3829.9554,6672.1849
2017-09-15,3831.2965,6622.0438
2017-09-18,3843.1428,6669.4548
2017-09-19,3832.1161,6636.0201
2017-09-20,3842.4353,6692.4724
2017-09-21,3837.8176,6612.0456
2017-09-22,3837.7304,6572.0096
2017-09-25,3817.7915,6489.8441
2017-09-26,3820.7816,6520.7175
2017-09-27,3821.2,6583.1401
2017-09-28,3822.5386,6567.7915
2017-09-29,3836.5013,6603.2587
2017-10-09,3882.2076,6678.371
2017-10-10,3889.8637,6705.4812
2017-10-11,3902.6868,6666.4696
2017-10-12,3912.9536,6659.0957
2017-10-13,3921.0017,6709.8164
2017-10-16,3913.4462,6619.2056
2017-10-17,3913.0688,6612.9428
2017-10-18,3944.1626,6563.4369
2017-10-19,3931.2495,6501.3999
2017-10-20,3926.852,6571.424
2017-10-23,3930.7981,6612.7637
2017-10-24,3959.3953,6603.0042
2017-10-25,3976.949,6647.892
2017-10-26,3993.5752,6671.9288
2017-10-27,4021.9676,6630.8067
2017-10-30,4009.7218,6511.7616
2017-10-31,4006.7179,6560.2054
2017-11-01,3996.6221,6552.9545
2017-11-02,3997.1343,6484.9258
2017-11-03,3992.6979,6426.9799
2017-11-06,4020.8896,6511.0958
2017-11-07,4054.2465,6551.9363
2017-11-08,4048.0057,6561.6897
2017-11-09,4075.8998,6611.3517
2017-11-10,4111.9112,6641.2164
2017-11-13,4128.0733,6671.2054
2017-11-14,4099.351,6614.5136
2017-11-15,4073.6696,6537.6563
2017-11-16,4105.0122,6558.3085
2017-11-17,4120.8508,6361.9415
2017-11-20,4143.8334,6433.1702
2017-11-21,4217.7015,6456.352
2017-11-22,4227.5666,6439.4419
2017-11-23,4102.3966,6274.5116
2017-11-24,4104.2034,6278.0287
2017-11-27,4049.9475,6194.5522
2017-11-28,4055.8235,6299.3122
2017-11-29,4053.7529,6318.3684
2017-11-30,4006.0993,6263.421
2017-12-01,3998.1365,6316.4072
2017-12-04,4018.8571,6279.6206
2017-12-05,4040.1704,6132.912
2017-12-06,4015.8211,6172.8031
2017-12-07,3971.0569,6135.4702
2017-12-08,4003.3792,6203.1433
2017-12-11,4069.4997,6286.1656
2017-12-12,4016.0163,6233.2115
2017-12-13,4050.0927,6277.441
2017-12-14,4026.1516,6284.0807
2017-12-15,3980.8558,6235.7608
2017-12-18,3985.2914,6199.9889
2017-12-19,4035.3294,6251.2416
2017-12-20,4030.4898,6199.3628
2017-12-21,4067.8485,6238.4987
2017-12-22,4054.5984,6242.8847
2017-12-25,4041.5401,6185.5907
2017-12-26,4053.6224,6220.1473
2017-12-27,3991.2075,6173.1528
2017-12-28,4018.8974,6204.2702
2017-12-29,4030.8549,6250.8207
2018-01-02,4087.4012,6332.2269
2018-01-03,4111.3925,6388.2533
2018-01-04,4128.8119,6417.535
2018-01-05,4138.7505,6417.2537
2018-01-08,4160.1595,6446.1818
2018-01-09,4189.2977,6445.7462
2018-01-10,4207.8132,6405.9395
2018-01-11,4205.5863,6425.9401
2018-01-12,4225.001,6399.3737
2018-01-15,4225.2393,6253.3759
2018-01-16,4258.473,6301.1327
2018-01-17,4248.1164,6267.4599
2018-01-18,4271.4168,6286.8007
2018-01-19,4285.395,6272.38
2018-01-22,4336.5974,6347.6383
2018-01-23,4382.6129,6354.9978
2018-01-24,4389.8853,6394.2999
2018-01-25,4365.0794,6382.7165
2018-01-26,4381.2996,6383.6312
2018-01-29,4302.0181,6309.8836
2018-01-30,4256.1021,6313.442
2018-01-31,4275.8986,6189.3413
2018-02-01,4245.8978,5984.7428
2018-02-02,4271.2326,6004.8494
2018-02-05,4274.1464,5998.2236
2018-02-06,4148.8856,5704.2641
2018-02-07,4050.4972,5711.3322
2018-02-08,4012.0472,5766.4797
2018-02-09,3840.6527,5554.8974
2018-02-12,3890.1046,5699.0979
2018-02-13,3935.6324,5736.9505
2018-02-14,3966.9614,5754.8344
2018-02-22,4052.7332,5875.7272
2018-02-23,4071.0889,5897.6765
2018-02-26,4118.4186,6029.6795
2018-02-27,4058.9806,6010.5573
2018-02-28,4023.6415,6023.677
2018-03-01,4049.0863,6090.2247
2018-03-02,4016.461,6056.3354
2018-03-05,4018.097,6064.0983
2018-03-06,4066.5647,6145.5768
2018-03-07,4036.6536,6086.4874
2018-03-08,4077.6001,6131.5142
2018-03-09,4108.8652,6206.9754
2018-03-12,4127.6662,6295.7776
2018-03-13,4091.2533,6254.1457
2018-03-14,4073.3447,6189.317
2018-03-15,4096.1627,6180.1108
2018-03-16,4056.4226,6146.3058
2018-03-19,4074.2479,6153.8339
2018-03-20,4077.7041,6173.6984
2018-03-21,4061.0502,6129.2042
2018-03-22,4020.349,6101.2276
2018-03-23,3904.9355,5787.1523
2018-03-26,3879.893,5902.9588
2018-03-27,3913.2689,6034.775
2018-03-28,3842.7155,5973.3414
2018-03-29,3894.0498,6034.8572
2018-03-30,3898.4977,6114.7382
2018-04-02,3886.9189,6121.9642
2018-04-03,3862.4796,6059.7089
2018-04-04,3854.8625,6017.6863
2018-04-09,3852.9292,6025.6493
2018-04-10,3927.1729,6063.7423
2018-04-11,3938.3434,6086.6126
2018-04-12,3898.6354,6051.3346
2018-04-13,3871.1443,6027.1867
2018-04-16,3808.863,6012.4053
2018-04-17,3748.6412,5890.8571
2018-04-18,3766.282,5970.6577
2018-04-19,3811.843,6004.7334
2018-04-20,3760.8543,5880.8359
2018-04-23,3766.3257,5823.9205
2018-04-24,3843.4886,5957.1927
2018-04-25,3828.7015,5959.422
2018-04-26,3755.4941,5847.9766
2018-04-27,3756.8765,5860.9836
2018-05-02,3763.6461,5855.3233
2018-05-03,3793.0001,5910.6058
2018-05-04,3774.5981,5909.2944
2018-05-07,3834.1877,6019.1409
2018-05-08,3878.6767,6041.8143
2018-05-09,3871.6152,6029.2329
2018-05-10,3893.0565,6040.5716
2018-05-11,3872.8383,5991.3424
2018-05-14,3909.2933,5967.5541
2018-05-15,3924.0975,6020.5697
2018-05-16,3892.8442,6004.0696
2018-05-17,3864.0507,5973.7785
2018-05-18,3903.0637,5995.1497
2018-05-21,3921.2421,6072.1991
2018-05-22,3906.2081,6092.9069
2018-05-23,3854.5825,6013.8472
2018-05-24,3827.217,5992.6209
2018-05-25,3816.498,5917.7978
2018-05-28,3833.2599,5891.2627
2018-05-29,3804.0093,5835.4456
2018-05-30,3723.3724,5682.5881
2018-05-31,3802.3759,5754.4746
2018-06-01,3770.5891,5685.1155
2018-06-04,3807.5781,5683.1486
2018-06-05,3845.3164,5779.0778
2018-06-06,3837.3511,5774.2575
2018-06-07,3831.0128,5738.0176
2018-06-08,3779.6159,5669.3031
2018-06-11,3779.9818,5632.3566
2018-06-12,3825.9534,5693.3461
2018-06-13,3788.3391,5607.0173
2018-06-14,3773.3655,5586.9314
2018-06-15,3753.4338,5483.9446
2018-06-19,3621.1166,5141.7095
2018-06-20,3635.4436,5198.3935
2018-06-21,3592.965,5089.2522
2018-06-22,3608.9046,5160.1228
2018-06-25,3560.4777,5125.0333
2018-06-26,3531.1112,5160.2829
2018-06-27,3459.2621,5109.4975
2018-06-28,3423.5255,5055.1093
2018-06-29,3510.9845,5217.7643
2018-07-02,3407.9638,5138.7826
2018-07-03,3409.2801,5197.1313
2018-07-04,3363.7473,5121.3436
2018-07-05,3342.4379,4982.7627
2018-07-06,3365.1227,4996.6299
2018-07-09,3459.1837,5107.5507
2018-07-10,3467.5155,5136.5326
2018-07-11,3407.5297,5036.1565
2018-07-12,3481.0559,5172.5032
2018-07-13,3492.6897,5204.1855
2018-07-16,3472.0859,5195.2002
2018-07-17,3449.3773,5196.1969
2018-07-18,3431.3227,5156.6363
2018-07-19,3428.343,5111.3271
2018-07-20,3492.8938,5175.2516
2018-07-23,3525.7503,5214.0038
2018-07-24,3581.7057,5304.641
2018-07-25,3577.7522,5308.6569
2018-07-26,3536.2456,5273.4789
2018-07-27,3521.2269,5249.2904
2018-07-30,3515.0794,5185.151
2018-07-31,3517.6568,5188.7166
2018-08-01,3447.3882,5105.3741
2018-08-02,3370.9579,4996.012
2018-08-03,3315.2839,4929.75
2018-08-06,3273.2728,4825.2508
2018-08-07,3368.8695,4956.8718
2018-08-08,3314.5075,4880.5694
2018-08-09,3397.5298,5004.7733
2018-08-10,3405.0191,5030.5148
2018-08-13,3390.3441,5055.2753
2018-08-14,3372.9137,5037.8831
2018-08-15,3291.976,4932.8063
2018-08-16,3276.7276,4888.3712
2018-08-17,3229.6198,4803.0285
2018-08-20,3267.2498,4832.6512
2018-08-21,3326.6489,4891.9801
2018-08-22,3307.9545,4837.0183
2018-08-23,3320.0257,4863.6651
2018-08-24,3325.3347,4852.2887
2018-08-27,3406.5735,4960.0655
2018-08-28,3400.1705,4974.2072
2018-08-29,3386.5736,4941.9607
2018-08-30,3351.0942,4867.1214
2018-08-31,3334.5036,4814.8237
2018-09-03,3321.8248,4838.873
2018-09-04,3363.8984,4890.2806
2018-09-05,3298.1412,4815.0343
2018-09-06,3262.8808,4793.3454
2018-09-07,3277.6438,4791.7779
2018-09-10,3230.0681,4704.8782
2018-09-11,3224.2116,4702.9032
2018-09-12,3202.0248,4693.9743
2018-09-13,3236.5662,4721.2121
2018-09-14,3242.0902,4670.0799
2018-09-17,3204.9224,4602.3901
2018-09-18,3269.4319,4683.5056
2018-09-19,3312.4823,4736.8934
2018-09-20,3310.1258,4733.4806
2018-09-21,3410.4856,4805.2151
2018-09-25,3379.8043,4792.5507
2018-09-26,3417.2413,4815.6306
2018-09-27,3403.5902,4755.3803
2018-09-28,3438.8649,4800.7287
2018-10-08,3290.8988,4646.4929
2018-10-09,3288.6906,4634.8939
2018-10-10,3281.5978,4629.8877
2018-10-11,3124.1139,4307.4208
2018-10-12,3170.7262,4278.0353
2018-10-15,3126.4516,4199.1532
2018-10-16,3100.9738,4099.6831
2018-10-17,3118.2463,4133.3832
2018-10-18,3044.3918,4018.4614
2018-10-19,3134.9455,4127.9854
2018-10-22,3270.2732,4333.1445
2018-10-23,3183.4257,4253.5561
2018-10-24,3188.2018,4245.4884
2018-10-25,3194.3084,4234.4208
2018-10-26,3173.635,4233.9585
2018-10-29,3076.8889,4162.5255
2018-10-30,3110.2605,4204.5424
2018-10-31,3153.8234,4272.5518
2018-11-01,3177.0338,4298.9837
2018-11-02,3290.2455,4437.9456
2018-11-05,3262.8351,4440.8274
2018-11-06,3243.1504,4438.0965
2018-11-07,3221.9101,4415.136
2018-11-08,3212.7737,4382.3286
2018-11-09,3167.4442,4368.6143
2018-11-12,3205.1407,4481.6881
2018-11-13,3237.3823,4563.5351
2018-11-14,3204.9427,4545.5089
2018-11-15,3242.3715,4619.8141
2018-11-16,3257.6735,4659.0965
2018-11-19,3294.6031,4670.737
2018-11-20,3218.4076,4537.4493
2018-11-21,3226.4918,4554.6747
2018-11-22,3214.4273,4551.3264
2018-11-23,3143.4752,4374.7644
2018-11-26,3141.2434,4367.4619
2018-11-27,3137.2413,4387.6515
2018-11-28,3178.9326,4441.8569
2018-11-29,3137.6542,4345.703
2018-11-30,3172.69,4376.6511
2018-12-03,3260.9502,4515.1735
2018-12-04,3267.7095,4536.2104
2018-12-05,3252.0041,4502.7021
2018-12-06,3181.673,4411.0884
2018-12-07,3181.5646,4410.9593
2018-12-10,3144.7631,4359.3122
2018-12-11,3159.8158,4395.5702
2018-12-12,3170.6092,4393.324
2018-12-13,3219.6924,4443.1572
2018-12-14,3165.9109,4337.1025
2018-12-17,3161.1966,4330.6465
2018-12-18,3128.4265,4307.2675
2018-12-19,3091.1255,4247.8991
2018-12-20,3067.4169,4259.7614
2018-12-21,3029.3951,4231.144
2018-12-24,3038.1981,4274.7218
2018-12-25,3017.2815,4225.5124
2018-12-26,3002.0327,4208.4053
2018-12-27,2990.5057,4161.2702
2018-12-28,3010.6536,4168.0363
2019-01-02,2969.5353,4131.9567
2019-01-03,2964.8421,4112.807
2019-01-04,3035.8741,4210.8786
2019-01-07,3054.303,4288.3234
2019-01-08,3047.7035,4277.2967
2019-01-09,3078.4759,4288.7717
2019-01-10,3072.6864,4281.8606
2019-01-11,3094.7782,4314.8757
2019-01-14,3067.7845,4286.5474
2019-01-15,3127.9904,4347.3555
2019-01-16,3128.6517,4336.8779
2019-01-17,3111.4168,4303.7308
2019-01-18,3168.1739,4347.8112
2019-01-21,3185.6364,4373.6333
2019-01-22,3143.3171,4308.2518
2019-01-23,3141.0532,4315.6846
2019-01-24,3158.7817,4338.17
2019-01-25,3184.4696,4318.4417
2019-01-28,3183.7777,4307.2196
2019-01-29,3193.9698,4254.2875
2019-01-30,3168.4829,4211.6235
2019-01-31,3201.6331,4176.4739
2019-02-01,3247.3971,4294.2696
2019-02-11,3306.4725,4402.8668
2019-02-12,3330.3353,4439.485
2019-02-13,3397.0276,4512.4088
2019-02-14,3402.1403,4532.1699
2019-02-15,3338.7047,4502.7348
2019-02-18,3445.7448,4660.999
2019-02-19,3439.6078,4667.2836
2019-02-20,3451.9273,4667.6243
2019-02-21,3442.7056,4659.1431
2019-02-22,3520.1182,4777.2977
2019-02-25,3729.4831,5044.3466
2019-02-26,3684.6935,5038.5435
2019-02-27,3678.3921,5017.8842
2019-02-28,3669.3703,5025.2913
2019-03-01,3749.7143,5067.225
2019-03-04,3794.104,5158.2467
2019-03-05,3816.0132,5295.2878
2019-03-06,3848.0903,5390.0294
2019-03-07,3808.8497,5458.6153
2019-03-08,3657.579,5245.6999
2019-03-11,3729.9546,5456.381
2019-03-12,3755.3519,5551.0029
2019-03-13,3724.1941,5424.8642
2019-03-14,3698.4858,5298.5024
2019-03-15,3745.005,5359.0087
2019-03-18,3851.7479,5501.183
2019-03-19,3833.9626,5522.1801
2019-03-20,3835.4397,5515.7856
2019-03-21,3836.8913,5589.478
2019-03-22,3833.8013,5622.1402
2019-03-25,3742.8252,5549.6711
2019-03-26,3700.4388,5394.8787
2019-03-27,3743.3878,5447.8795
2019-03-28,3728.3953,5370.1234
2019-03-29,3872.3412,5547.6561
2019-04-01,3973.928,5757.8379
2019-04-02,3971.2852,5775.5497
2019-04-03,4022.1566,5836.0369
2019-04-04,4062.2309,5871.5575
2019-04-08,4057.2286,5847.6296
2019-04-09,4075.4301,5858.0464
2019-04-10,4085.847,5850.7609
2019-04-11,3997.5778,5727.1749
2019-04-12,3988.6168,5714.3676
2019-04-15,3975.5244,5655.9825
2019-04-16,4085.7891,5777.0111
2019-04-17,4087.2398,5807.7288
2019-04-18,4072.0753,5775.171
2019-04-19,4120.6078,5810.1798
2019-04-22,4025.6109,5723.0417
2019-04-23,4019.0053,5628.0624
2019-04-24,4030.0887,5679.7256
2019-04-25,3941.816,5458.4194
2019-04-26,3889.2748,5408.0306
2019-04-29,3900.3339,5265.6011
2019-04-30,3913.211,5307.56
2019-05-06,3684.6168,4908.7984
2019-05-07,3720.6684,4973.4043
2019-05-08,3667.4574,4947.7419
2019-05-09,3599.7001,4888.4128
2019-05-10,3730.4513,5064.323
2019-05-13,3668.7255,5005.9044
2019-05-14,3645.1503,4965.6124
2019-05-15,3727.0923,5076.555
2019-05-16,3743.9635,5108.3588
2019-05-17,3648.7609,4942.5792
2019-05-20,3617.7924,4923.5589
2019-05-21,3666.7762,5009.8725
2019-05-22,3649.3796,4976.3929
2019-05-23,3583.9646,4872.9202
2019-05-24,3593.9139,4841.7573
2019-05-27,3637.1971,4962.947
2019-05-28,3672.2605,4955.4855
2019-05-29,3663.909,4956.8638
2019-05-30,3641.1833,4926.403
2019-05-31,3629.7893,4912.0005
2019-06-03,3632.0127,4853.8153
2019-06-04,3598.4666,4795.4129
2019-06-05,3597.105,4783.8245
2019-06-06,3564.6778,4678.7844
2019-06-10,3610.7435,4725.2643
2019-06-11,3719.2759,4901.4723
2019-06-12,3691.0957,4863.4922
2019-06-13,3685.3933,4877.6505
2019-06-14,3654.8799,4795.5267
2019-06-17,3654.8248,4802.8185
2019-06-18,3667.6185,4797.1468
2019-06-19,3715.9381,4858.9164
2019-06-20,3828.5183,4954.7338
2019-06-21,3833.9383,5021.3051
2019-06-24,3841.2659,5024.2046
2019-06-25,3801.3098,4974.9882
2019-06-26,3794.331,4962.5936
2019-06-27,3834.8172,5007.4833
2019-06-28,3825.5873,4950.4798
2019-07-01,3935.8116,5100.2619
2019-07-02,3937.1691,5084.41
2019-07-03,3893.5341,5040.7227
2019-07-04,3873.1019,5025.0207
2019-07-05,3893.2025,5042.6599
2019-07-08,3802.7897,4870.7807
2019-07-09,3793.1297,4881.6235
2019-07-10,3786.739,4843.8649
2019-07-11,3785.221,4844.5474
2019-07-12,3808.7311,4861.5679
2019-07-15,3824.1878,4925.3243
2019-07-16,3806.8449,4932.0458
2019-07-17,3804.6384,4929.085
2019-07-18,3768.4019,4844.1087
2019-07-19,3807.9551,4878.6903
2019-07-22,3781.6832,4776.5749
2019-07-23,3789.9135,4823.9182
2019-07-24,3819.8325,4873.0271
2019-07-25,3851.0665,4891.6432
2019-07-26,3858.5688,4898.1099
2019-07-29,3854.2704,4897.0183
2019-07-30,3870.3176,4922.9175
2019-07-31,3835.3589,4903.203
2019-08-01,3803.4694,4870.469
2019-08-02,3747.4379,4809.9198
2019-08-05,3675.6884,4751.9846
2019-08-06,3636.3289,4650.5627
2019-08-07,3621.431,4626.3641
2019-08-08,3669.2936,4656.1009
2019-08-09,3633.5296,4600.3526
2019-08-12,3699.1047,4685.045
2019-08-13,3665.7515,4658.3884
2019-08-14,3682.4015,4683.8403
2019-08-15,3694.0006,4706.5504
2019-08-16,3710.5386,4722.6625
2019-08-19,3791.0946,4875.0363
2019-08-20,3787.7324,4872.6061
2019-08-21,3781.7579,4882.7213
2019-08-22,3793.5061,4887.9142
2019-08-23,3820.8638,4887.9024
2019-08-26,3765.9105,4855.4584
2019-08-27,3816.9459,4936.1238
2019-08-28,3802.5844,4928.1935
2019-08-29,3790.1867,4934.1838
2019-08-30,3799.5863,4886.494
2019-09-02,3848.3198,5008.2958
2019-09-03,3853.6106,5044.1805
2019-09-04,3886.0012,5093.2662
2019-09-05,3925.323,5138.4051
2019-09-06,3948.5075,5154.6378
2019-09-09,3972.9484,5263.4594
2019-09-10,3959.265,5245.305
2019-09-11,3930.0999,5217.2913
2019-09-12,3972.3799,5242.6115
2019-09-16,3957.7154,5250.3398
2019-09-17,3891.2208,5140.4502
2019-09-18,3910.0837,5141.0381
2019-09-19,3924.3823,5191.6687
2019-09-20,3935.6511,5204.4848
2019-09-23,3890.6616,5171.484
2019-09-24,3901.0758,5180.7418
2019-09-25,3870.9837,5087.0091
2019-09-26,3841.1388,4970.2403
2019-09-27,3852.6534,5005.6299
2019-09-30,3814.5282,4940.903
2019-10-08,3837.6791,4941.7607
2019-10-09,3843.2392,4982.9535
2019-10-10,3874.6391,5046.3594
2019-10-11,3911.7253,5055.5165
2019-10-14,3953.2411,5131.1312
2019-10-15,3936.2498,5061.0029
2019-10-16,3922.6854,5038.356
2019-10-17,3925.2216,5029.854
2019-10-18,3869.3777,4961.8072
2019-10-21,3880.8398,4951.0354
2019-10-22,3895.8809,5005.5525
2019-10-23,3871.0848,4967.1949
2019-10-24,3870.6678,4958.2465
2019-10-25,3896.7923,4994.5684
2019-10-28,3926.585,5084.4677
2019-10-29,3910.226,5007.7126
2019-10-30,3891.2255,4947.8954
2019-10-31,3886.7519,4917.4174
2019-11-01,3952.3872,4962.3495
2019-11-04,3978.1216,4987.8364
2019-11-05,4002.8128,5025.3029
2019-11-06,3984.8816,4974.7343
2019-11-07,3991.8749,5007.0666
2019-11-08,3973.0107,4988.2938
2019-11-11,3902.9783,4876.1594
2019-11-12,3903.6888,4881.6144
2019-11-13,3899.9815,4875.543
2019-11-14,3905.857,4912.1075
2019-11-15,3877.0892,4868.4367
2019-11-18,3907.9291,4892.4609
2019-11-19,3947.0392,4975.1128
2019-11-20,3907.8641,4946.2757
2019-11-21,3889.598,4945.7188
2019-11-22,3849.9948,4904.0828
2019-11-25,3878.2061,4901.5021
2019-11-26,3891.6533,4882.1624
2019-11-27,3875.6186,4904.2568
2019-11-28,3862.3029,4889.2595
2019-11-29,3828.6706,4894.9416
2019-12-02,3836.0589,4905.4209
2019-12-03,3851.0873,4926.4548
2019-12-04,3849.819,4920.6682
2019-12-05,3879.3638,4967.6021
2019-12-06,3902.3853,5010.5104
2019-12-09,3895.4468,5024.604
2019-12-10,3900.3843,5049.0514
2019-12-11,3902.7492,5027.2784
2019-12-12,3891.0242,5012.0011
2019-12-13,3968.2211,5073.6858
2019-12-16,3987.5464,5166.0391
2019-12-17,4041.7996,5236.0624
2019-12-18,4032.7826,5235.1248
2019-12-19,4027.1495,5241.7376
2019-12-20,4017.2527,5184.6752
2019-12-23,3967.0962,5084.3505
2019-12-24,3992.9581,5162.0702
2019-12-25,3990.8671,5183.0986
2019-12-26,4025.9879,5219.1404
2019-12-27,4022.0278,5179.1929
2019-12-30,4081.6334,5241.9383
2019-12-31,4096.5821,5267.6622
2020-01-02,4152.2408,5366.1375
2020-01-03,4144.9649,5380.6372
2020-01-06,4129.2954,5434.8503
2020-01-07,4160.2274,5499.8395
2020-01-08,4112.3172,5423.7966
2020-01-09,4164.3697,5497.5429
2020-01-10,4163.1849,5480.2279
2020-01-13,4203.9883,5559.6272
2020-01-14,4189.8862,5542.3316
2020-01-15,4166.7344,5530.0266
2020-01-16,4149.0434,5527.6676
2020-01-17,4154.853,5510.0453
2020-01-20,4185.8304,5587.5359
2020-01-21,4114.3085,5523.9419
2020-01-22,4131.9311,5575.5126
2020-01-23,4003.9013,5377.7411
2020-02-03,3688.3578,4910.9011
2020-02-04,3785.6376,4996.4743
2020-02-05,3828.5272,5123.9619
2020-02-06,3899.7751,5282.8922
2020-02-07,3899.8693,5327.0369
2020-02-10,3916.0052,5388.4349
2020-02-11,3952.4643,5361.2768
2020-02-12,3984.4325,5459.9461
2020-02-13,3959.9188,5412.8418
2020-02-14,3987.7342,5420.8025
2020-02-17,4077.4241,5594.4366
2020-02-18,4057.5108,5660.8142
2020-02-19,4051.3107,5603.2626
2020-02-20,4144.6561,5706.7127
2020-02-21,4149.4903,5784.0321
2020-02-24,4132.8388,5865.4665
2020-02-25,4123.8543,5897.7219
2020-02-26,4073.0152,5743.3929
2020-02-27,4084.8759,5753.7277
2020-02-28,3940.0488,5451.2897
2020-03-02,4069.6662,5656.4193
2020-03-03,4091.3615,5710.0235
2020-03-04,4115.0524,5716.5112
2020-03-05,4206.7251,5801.1199
2020-03-06,4138.5072,5763.8602
2020-03-09,3997.1325,5525.8167
2020-03-10,4082.7315,5675.1113
2020-03-11,4028.4289,5589.5311
2020-03-12,3950.9111,5493.8838
2020-03-13,3895.3128,5457.2006
2020-03-16,3727.8398,5200.1142
2020-03-17,3709.6822,5212.0619
2020-03-18,3636.2565,5119.4716
2020-03-19,3589.0926,5157.8235
2020-03-20,3653.2239,5219.2809
2020-03-23,3530.3058,4998.9095
2020-03-24,3625.1146,5096.0408
2020-03-25,3722.5181,5217.4237
2020-03-26,3698.0472,5166.1091
2020-03-27,3710.0605,5137.3371
2020-03-30,3674.1108,5027.4856
2020-03-31,3686.1551,5041.4534
2020-04-01,3675.0758,5019.2187
2020-04-02,3734.5306,5147.2019
2020-04-03,3713.2183,5107.0393
2020-04-07,3798.0214,5267.073
2020-04-08,3780.3445,5271.7961
2020-04-09,3792.8105,5322.4614
2020-04-10,3769.1782,5208.5102
2020-04-13,3753.2566,5169.1757
2020-04-14,3825.6991,5288.593
2020-04-15,3797.3623,5268.7497
2020-04-16,3802.3806,5316.9707
2020-04-17,3839.4871,5318.4547
2020-04-20,3853.4551,5381.7857
2020-04-21,3808.0474,5343.8806
2020-04-22,3839.3834,5387.6233
2020-04-23,3829.7525,5357.7904
2020-04-24,3796.9721,5273.5474
2020-04-27,3822.769,5265.7248
2020-04-28,3849.1465,5227.846
2020-04-29,3867.032,5226.8116
2020-04-30,3912.5772,5353.8595
2020-05-06,3936.2539,5451.3159
2020-05-07,3924.8946,5445.7519
2020-05-08,3963.6217,5507.6965
2020-05-11,3960.1803,5496.192
2020-05-12,3960.2378,5512.464
2020-05-13,3968.2529,5536.2802
2020-05-14,3925.2177,5487.107
2020-05-15,3912.8159,5507.9336
2020-05-18,3922.9117,5478.8218
2020-05-19,3956.2495,5547.8759
2020-05-20,3935.222,5489.7024
2020-05-21,3913.7949,5426.1745
2020-05-22,3824.064,5328.2268
2020-05-25,3829.3245,5316.6036
2020-05-26,3872.7701,5420.2126
2020-05-27,3845.6135,5369.4992
2020-05-28,3856.6324,5361.167
2020-05-29,3867.0232,5406.3403
2020-06-01,3971.3402,5569.48
2020-06-02,3983.5677,5566.4438
2020-06-03,3983.6477,5572.3125
2020-06-04,3982.1851,5576.7535
2020-06-05,4001.2509,5585.4231
2020-06-08,4021.9549,5575.3036
2020-06-09,4047.0293,5610.3774
2020-06-10,4039.7051,5615.2417
2020-06-11,3995.8846,5589.1019
2020-06-12,4003.0829,5591.4871
2020-06-15,3954.9883,5590.6435
2020-06-16,4014.5702,5695.3007
2020-06-17,4017.5941,5735.4183
2020-06-18,4044.3842,5734.403
2020-06-19,4098.7095,5787.1482
2020-06-22,4102.0459,5784.0269
2020-06-23,4121.7944,5804.343
2020-06-24,4138.9895,5789.0893
2020-06-29,4109.7164,5762.4378
2020-06-30,4163.9637,5864.4164
2020-07-01,4247.7835,5881.8875
2020-07-02,4335.8445,5975.2794
2020-07-03,4419.5955,6051.5099
2020-07-06,4670.0949,6299.8551
2020-07-07,4698.1264,6380.0276
2020-07-08,4774.0042,6535.4151
2020-07-09,4840.7712,6693.7452
2020-07-10,4753.1333,6676.4373
2020-07-13,4852.9612,6899.5175
2020-07-14,4806.6902,6807.727
2020-07-15,4744.4687,6638.8384
2020-07-16,4516.2532,6319.9981
2020-07-17,4544.7007,6344.5912
2020-07-20,4680.3046,6526.8325
2020-07-21,4691.0425,6563.3239
2020-07-22,4714.4454,6620.6893
2020-07-23,4712.4357,6620.0859
2020-07-24,4505.5906,6283.9831
2020-07-27,4528.45,6298.7351
2020-07-28,4568.2576,6359.6637
2020-07-29,4679.008,6530.2712
2020-07-30,4656.1506,6511.436
2020-07-31,4695.0462,6579.6696
2020-08-03,4771.3108,6739.8085
2020-08-04,4775.8024,6697.7071
2020-08-05,4777.1089,6772.8422
2020-08-06,4762.7642,6770.3016
2020-08-07,4707.9262,6688.8822
2020-08-10,4724.8697,6725.2956
2020-08-11,4681.7837,6600.8472
2020-08-12,4647.6446,6528.3999
2020-08-13,4635.7126,6552.6567
2020-08-14,4704.6288,6623.5633
2020-08-17,4815.2261,6744.5468
2020-08-18,4812.7564,6789.3979
2020-08-19,4740.6784,6666.274
2020-08-20,4679.1544,6593.785
2020-08-21,4718.8431,6643.9444
2020-08-24,4755.8491,6688.9647
2020-08-25,4761.9507,6652.5478
2020-08-26,4706.1302,6525.8786
2020-08-27,4731.3451,6578.7912
2020-08-28,4844.2652,6691.2096
2020-08-31,4816.2153,6668.4331
2020-09-01,4842.1223,6710.4599
2020-09-02,4843.887,6717.5579
2020-09-03,4817.0952,6662.2515
2020-09-04,4770.219,6618.5762
2020-09-07,4669.3677,6478.8124
2020-09-08,4694.3894,6525.098
2020-09-09,4584.5887,6349.2234
2020-09-10,4581.9775,6235.5687
2020-09-11,4627.2826,6311.967
2020-09-14,4651.0507,6351.2422
2020-09-15,4688.4826,6387.8805
2020-09-16,4657.3584,6353.836
2020-09-17,4632.7142,6367.0206
2020-09-18,4737.0887,6469.4692
2020-09-21,4691.4281,6445.9649
2020-09-22,4635.7608,6358.652
2020-09-23,4652.3273,6392.0329
2020-09-24,4563.0657,6244.6389
2020-09-25,4570.0216,6236.8904
2020-09-28,4581.9085,6178.4693
2020-09-29,4591.7993,6228.7708
2020-09-30,4587.3953,6192.5045
2020-10-09,4681.1412,6357.9711
2020-10-12,4823.1578,6541.176
2020-10-13,4839.201,6551.3987
2020-10-14,4807.1021,6508.3743
2020-10-15,4798.7361,6460.0408
2020-10-16,4791.676,6428.6822
2020-10-19,4755.4879,6358.3213
2020-10-20,4793.4672,6423.1128
2020-10-21,4792.8284,6350.0127
2020-10-22,4777.9845,6317.1438
2020-10-23,4718.4881,6213.2626
2020-10-26,4691.2359,6214.3779
2020-10-27,4699.2792,6221.3414
2020-10-28,4737.2718,6245.9986
2020-10-29,4772.9198,6255.1933
2020-10-30,4695.3338,6111.4803
2020-11-02,4720.8313,6143.1157
2020-11-03,4777.5608,6241.7676
2020-11-04,4813.6564,6234.158
2020-11-05,4885.1118,6351.9789
2020-11-06,4885.7178,6301.2477
2020-11-09,4981.3497,6421.6506
2020-11-10,4953.8756,6373.0853
2020-11-11,4904.8981,6294.6055
2020-11-12,4908.463,6315.4938
2020-11-13,4856.8513,6306.97
2020-11-16,4904.1716,6387.371
2020-11-17,4894.786,6336.9406
2020-11-18,4891.6716,6341.0136
2020-11-19,4927.9891,6360.5998
2020-11-20,4943.2882,6422.9854
2020-11-23,5005.0273,6472.9301
2020-11-24,4974.2855,6475.1881
2020-11-25,4910.7,6350.3667
2020-11-26,4919.5912,6334.3042
2020-11-27,4980.765,6351.6119
2020-11-30,4960.2519,6320.9441
2020-12-01,5067.0983,6426.6155
2020-12-02,5067.1447,6434.9791
2020-12-03,5057.0603,6440.8808
2020-12-04,5065.9163,6464.7345
2020-12-07,5022.2351,6424.6823
2020-12-08,5009.8786,6423.6513
2020-12-09,4942.6986,6307.2207
2020-12-10,4940.5249,6320.0956
2020-12-11,4889.6292,6209.427
2020-12-14,4934.8352,6259.0175
2020-12-15,4945.1,6265.5819
2020-12-16,4953.867,6235.4352
2020-12-17,5017.4784,6308.9013
2020-12-18,4999.9678,6291.918
2020-12-21,5046.8396,6398.5987
2020-12-22,4964.7727,6250.0606
2020-12-23,5007.1235,6307.604
2020-12-24,5000.0154,6205.2247
2020-12-25,5042.0137,6278.4981
2020-12-28,5064.4147,6244.4818
2020-12-29,5042.9361,6199.8523
2020-12-30,5113.7105,6269.2484
2020-12-31,5211.2885,6367.1149
